id,PROVINCE_NAME,PROVINCE_CODE,CITY_NAME,CITY_CODE,COUNTY_NAME,COUNTY_CODE
1,安徽省,,安庆市,,宜秀区,
2,安徽省,,安庆市,,迎江区,
3,安徽省,,安庆市,,岳西县,
4,安徽省,,蚌埠市,,蚌山区,
5,安徽省,,蚌埠市,,不分地区,
6,安徽省,,蚌埠市,,不分区县,
7,安徽省,,蚌埠市,,禹会区,
8,安徽省,,池州市,,东至县,
9,安徽省,,池州市,,贵池区,
10,安徽省,,蚌埠市,,固镇县,
11,安徽省,,蚌埠市,,怀远县,
12,安徽省,,蚌埠市,,淮上区,
13,安徽省,,蚌埠市,,龙子湖区,
14,安徽省,,安庆市,,大观区,
15,安徽省,,安庆市,,怀宁县,
16,安徽省,,安庆市,,潜山县,
17,安徽省,,安庆市,,宿松县,
18,安徽省,,安庆市,,太湖县,
19,安徽省,,安庆市,,桐城市,
20,安徽省,,安庆市,,望江县,
21,安徽省,,阜阳市,,阜南县,
22,安徽省,,阜阳市,,界首市,
23,安徽省,,阜阳市,,临泉县,
24,安徽省,,阜阳市,,太和县,
25,安徽省,,阜阳市,,颍东区,
26,安徽省,,阜阳市,,颍泉区,
27,安徽省,,阜阳市,,颍上县,
28,安徽省,,阜阳市,,颍州区,
29,安徽省,,合肥市,,包河区,
30,安徽省,,合肥市,,长丰县,
31,安徽省,,合肥市,,巢湖市,
32,安徽省,,蚌埠市,,五河县,
33,安徽省,,池州市,,青阳县,
34,安徽省,,池州市,,石台县,
35,安徽省,,滁州市,,定远县,
36,安徽省,,滁州市,,凤阳县,
37,安徽省,,滁州市,,来安县,
38,安徽省,,滁州市,,琅琊区,
39,安徽省,,滁州市,,明光市,
40,安徽省,,滁州市,,南谯区,
41,安徽省,,滁州市,,全椒县,
42,安徽省,,合肥市,,庐江县,
43,安徽省,,合肥市,,庐阳区,
44,安徽省,,合肥市,,蜀山区,
45,安徽省,,合肥市,,瑶海区,
46,安徽省,,淮北市,,杜集区,
47,安徽省,,淮北市,,烈山区,
48,安徽省,,淮北市,,相山区,
49,安徽省,,淮北市,,濉溪县,
50,安徽省,,滁州市,,天长市,
51,安徽省,,黄山市,,祁门县,
52,安徽省,,黄山市,,屯溪区,
53,安徽省,,黄山市,,休宁县,
54,安徽省,,黄山市,,歙县,
55,安徽省,,黄山市,,黟县,
56,安徽省,,合肥市,,肥东县,
57,安徽省,,合肥市,,肥西县,
58,安徽省,,六安市,,金安区,
59,安徽省,,六安市,,金寨县,
60,安徽省,,六安市,,舒城县,
61,安徽省,,六安市,,裕安区,
62,安徽省,,马鞍山市,,博望区,
63,安徽省,,马鞍山市,,当涂县,
64,安徽省,,马鞍山市,,含山县,
65,安徽省,,马鞍山市,,和县,
66,安徽省,,马鞍山市,,花山区,
67,安徽省,,马鞍山市,,雨山区,
68,安徽省,,宿州市,,埇桥区,
69,安徽省,,宿州市,,灵璧县,
70,安徽省,,淮南市,,大通区,
71,安徽省,,淮南市,,凤台县,
72,安徽省,,淮南市,,潘集区,
73,安徽省,,淮南市,,寿县,
74,安徽省,,淮南市,,田家庵区,
75,安徽省,,淮南市,,谢家集区,
76,安徽省,,黄山市,,黄山区,
77,安徽省,,黄山市,,徽州区,
78,北京市,,北京市,,朝阳区,
79,北京市,,北京市,,大兴区,
80,安徽省,,芜湖市,,繁昌县,
81,安徽省,,芜湖市,,镜湖区,
82,安徽省,,芜湖市,,南陵县,
83,安徽省,,芜湖市,,三山区,
84,安徽省,,芜湖市,,无为县,
85,安徽省,,芜湖市,,芜湖县,
86,安徽省,,芜湖市,,弋江区,
87,安徽省,,芜湖市,,鸠江区,
88,安徽省,,宣城市,,广德县,
89,安徽省,,六安市,,霍邱县,
90,安徽省,,六安市,,霍山县,
91,安徽省,,宿州市,,萧县,
92,安徽省,,宿州市,,泗县,
93,安徽省,,宿州市,,砀山县,
94,安徽省,,铜陵市,,郊区,
95,安徽省,,铜陵市,,铜官区,
96,安徽省,,铜陵市,,义安区,
97,安徽省,,铜陵市,,枞阳县,
98,安徽省,,亳州市,,利辛县,
99,安徽省,,亳州市,,蒙城县,
100,安徽省,,亳州市,,涡阳县,
101,安徽省,,亳州市,,谯城区,
102,北京市,,北京市,,昌平区,
103,北京市,,北京市,,海淀区,
104,北京市,,北京市,,怀柔区,
105,北京市,,北京市,,门头沟区,
106,北京市,,北京市,,密云区,
107,北京市,,北京市,,平谷区,
108,安徽省,,宣城市,,绩溪县,
109,安徽省,,宣城市,,郎溪县,
110,安徽省,,宣城市,,宁国市,
111,安徽省,,宣城市,,宣州区,
112,安徽省,,宣城市,,泾县,
113,安徽省,,宣城市,,旌德县,
114,福建省,,福州市,,仓山区,
115,福建省,,福州市,,长乐区,
116,福建省,,福州市,,福清市,
117,福建省,,福州市,,鼓楼区,
118,福建省,,福州市,,晋安区,
119,福建省,,福州市,,连江县,
120,福建省,,福州市,,罗源县,
121,福建省,,福州市,,马尾区,
122,福建省,,福州市,,闽侯县,
123,福建省,,福州市,,闽清县,
124,福建省,,福州市,,平潭县,
125,福建省,,福州市,,台江区,
126,福建省,,福州市,,永泰县,
127,北京市,,北京市,,东城区,
128,北京市,,北京市,,房山区,
129,北京市,,北京市,,丰台区,
130,福建省,,莆田市,,城厢区,
131,福建省,,莆田市,,涵江区,
132,福建省,,莆田市,,荔城区,
133,福建省,,莆田市,,仙游县,
134,福建省,,莆田市,,秀屿区,
135,福建省,,泉州市,,安溪县,
136,福建省,,南平市,,光泽县,
137,福建省,,南平市,,建阳区,
138,福建省,,南平市,,建瓯市,
139,福建省,,南平市,,浦城县,
140,福建省,,南平市,,邵武市,
141,福建省,,南平市,,顺昌县,
142,福建省,,南平市,,松溪县,
143,福建省,,南平市,,武夷山市,
144,福建省,,南平市,,延平区,
145,北京市,,北京市,,石景山区,
146,北京市,,北京市,,顺义区,
147,北京市,,北京市,,通州区,
148,北京市,,北京市,,西城区,
149,北京市,,北京市,,延庆区,
150,福建省,,龙岩市,,长汀县,
151,福建省,,龙岩市,,连城县,
152,福建省,,龙岩市,,上杭县,
153,福建省,,龙岩市,,武平县,
154,福建省,,龙岩市,,新罗区,
155,福建省,,龙岩市,,永定区,
156,福建省,,龙岩市,,漳平市,
157,福建省,,宁德市,,周宁县,
158,福建省,,宁德市,,柘荣县,
159,福建省,,泉州市,,德化县,
160,福建省,,泉州市,,丰泽区,
161,福建省,,泉州市,,惠安县,
162,福建省,,泉州市,,晋江市,
163,福建省,,南平市,,政和县,
164,福建省,,宁德市,,福安市,
165,福建省,,宁德市,,福鼎市,
166,福建省,,宁德市,,古田县,
167,福建省,,宁德市,,蕉城区,
168,福建省,,宁德市,,屏南县,
169,福建省,,宁德市,,寿宁县,
170,福建省,,宁德市,,霞浦县,
171,福建省,,三明市,,宁化县,
172,福建省,,三明市,,清流县,
173,福建省,,三明市,,三元区,
174,福建省,,三明市,,沙县,
175,福建省,,三明市,,泰宁县,
176,福建省,,三明市,,永安市,
177,福建省,,三明市,,尤溪县,
178,福建省,,厦门市,,海沧区,
179,福建省,,厦门市,,湖里区,
180,福建省,,厦门市,,集美区,
181,福建省,,厦门市,,思明区,
182,福建省,,厦门市,,同安区,
183,福建省,,漳州市,,平和县,
184,甘肃省,,甘南藏族自治州,,夏河县,
185,甘肃省,,金昌市,,金川区,
186,甘肃省,,兰州市,,安宁区,
187,福建省,,漳州市,,云霄县,
188,福建省,,漳州市,,漳浦县,
189,福建省,,漳州市,,诏安县,
190,福建省,,漳州市,,芗城区,
191,甘肃省,,金昌市,,永昌县,
192,甘肃省,,酒泉市,,敦煌市,
193,甘肃省,,酒泉市,,肃州区,
194,甘肃省,,酒泉市,,玉门市,
195,福建省,,泉州市,,鲤城区,
196,福建省,,泉州市,,洛江区,
197,福建省,,泉州市,,南安市,
198,福建省,,泉州市,,泉港区,
199,福建省,,泉州市,,石狮市,
200,福建省,,泉州市,,永春县,
201,福建省,,三明市,,大田县,
202,福建省,,三明市,,建宁县,
203,福建省,,三明市,,梅列区,
204,福建省,,三明市,,明溪县,
205,福建省,,厦门市,,翔安区,
206,福建省,,漳州市,,长泰县,
207,福建省,,漳州市,,东山县,
208,福建省,,漳州市,,华安县,
209,福建省,,漳州市,,龙海市,
210,福建省,,漳州市,,龙文区,
211,福建省,,漳州市,,南靖县,
212,甘肃省,,武威市,,民勤县,
213,甘肃省,,武威市,,天祝藏族自治县,
214,甘肃省,,张掖市,,民乐县,
215,甘肃省,,兰州市,,城关区,
216,甘肃省,,白银市,,白银区,
217,甘肃省,,白银市,,会宁县,
218,甘肃省,,白银市,,景泰县,
219,甘肃省,,白银市,,靖远县,
220,甘肃省,,定西市,,安定区,
221,甘肃省,,定西市,,临洮县,
222,甘肃省,,定西市,,陇西县,
223,甘肃省,,定西市,,通渭县,
224,甘肃省,,定西市,,漳县,
225,甘肃省,,定西市,,岷县,
226,甘肃省,,甘南藏族自治州,,合作市,
227,甘肃省,,甘南藏族自治州,,碌曲县,
228,甘肃省,,甘南藏族自治州,,玛曲县,
229,甘肃省,,庆阳市,,合水县,
230,甘肃省,,庆阳市,,环县,
231,甘肃省,,庆阳市,,西峰区,
232,甘肃省,,天水市,,甘谷县,
233,甘肃省,,天水市,,麦积区,
234,甘肃省,,天水市,,秦安县,
235,甘肃省,,天水市,,秦州区,
236,甘肃省,,天水市,,武山县,
237,甘肃省,,武威市,,凉州区,
238,广东省,,东莞市,,城区,
239,广东省,,佛山市,,高明区,
240,广东省,,广州市,,越秀区,
241,广东省,,广州市,,增城区,
242,广东省,,河源市,,东源县,
243,广东省,,河源市,,和平县,
244,广东省,,河源市,,龙川县,
245,广东省,,河源市,,源城区,
246,广东省,,河源市,,紫金县,
247,广东省,,惠州市,,博罗县,
248,甘肃省,,兰州市,,七里河区,
249,甘肃省,,兰州市,,永登县,
250,甘肃省,,兰州市,,榆中县,
251,甘肃省,,临夏回族自治州,,广河县,
252,甘肃省,,临夏回族自治州,,积石山保安族东乡族撒拉族自治县,
253,甘肃省,,临夏回族自治州,,康乐县,
254,甘肃省,,陇南市,,成县,
255,甘肃省,,陇南市,,徽县,
256,甘肃省,,陇南市,,康县,
257,甘肃省,,陇南市,,礼县,
258,甘肃省,,陇南市,,两当县,
259,甘肃省,,陇南市,,文县,
260,甘肃省,,陇南市,,武都区,
261,甘肃省,,平凉市,,崇信县,
262,甘肃省,,平凉市,,静宁县,
263,甘肃省,,平凉市,,灵台县,
264,甘肃省,,平凉市,,崆峒区,
265,甘肃省,,张掖市,,肃南裕固族自治县,
266,广东省,,潮州市,,潮安区,
267,广东省,,潮州市,,饶平县,
268,广东省,,潮州市,,湘桥区,
269,广东省,,梅州市,,大埔县,
270,广东省,,梅州市,,丰顺县,
271,广东省,,梅州市,,蕉岭县,
272,广东省,,梅州市,,梅江区,
273,广东省,,佛山市,,南海区,
274,广东省,,佛山市,,三水区,
275,广东省,,佛山市,,顺德区,
276,广东省,,佛山市,,禅城区,
277,广东省,,广州市,,白云区,
278,广东省,,广州市,,从化区,
279,广东省,,广州市,,番禺区,
280,广东省,,广州市,,海珠区,
281,广东省,,广州市,,花都区,
282,广东省,,广州市,,黄埔区,
283,广东省,,广州市,,荔湾区,
284,广东省,,广州市,,南沙区,
285,广东省,,广州市,,天河区,
286,广东省,,揭阳市,,榕城区,
287,广东省,,茂名市,,电白区,
288,广东省,,茂名市,,高州市,
289,广东省,,茂名市,,化州市,
290,广东省,,茂名市,,茂南区,
291,广东省,,茂名市,,信宜市,
292,广东省,,梅州市,,兴宁市,
293,广东省,,清远市,,佛冈县,
294,广东省,,清远市,,连州市,
295,广东省,,清远市,,清城区,
296,广东省,,清远市,,清新区,
297,广东省,,清远市,,阳山县,
298,广东省,,清远市,,英德市,
299,广东省,,韶关市,,曲江区,
300,广东省,,韶关市,,仁化县,
301,广东省,,韶关市,,乳源瑶族自治县,
302,广东省,,韶关市,,始兴县,
303,广东省,,韶关市,,翁源县,
304,广东省,,韶关市,,武江区,
305,广东省,,韶关市,,新丰县,
306,广东省,,梅州市,,梅县区,
307,广东省,,梅州市,,平远县,
308,广东省,,惠州市,,惠城区,
309,广东省,,惠州市,,惠东县,
310,广东省,,惠州市,,惠阳区,
311,广东省,,惠州市,,龙门县,
312,广东省,,江门市,,恩平市,
313,广东省,,江门市,,鹤山市,
314,广东省,,江门市,,江海区,
315,广东省,,江门市,,开平市,
316,广东省,,江门市,,蓬江区,
317,广东省,,江门市,,台山市,
318,广东省,,江门市,,新会区,
319,广东省,,揭阳市,,惠来县,
320,广东省,,揭阳市,,揭东区,
321,广东省,,揭阳市,,揭西县,
322,广东省,,揭阳市,,普宁市,
323,广东省,,梅州市,,五华县,
324,广东省,,湛江市,,麻章区,
325,广东省,,湛江市,,坡头区,
326,广东省,,湛江市,,遂溪县,
327,广东省,,湛江市,,吴川市,
328,广东省,,湛江市,,霞山区,
329,广东省,,湛江市,,徐闻县,
330,广东省,,韶关市,,浈江区,
331,广东省,,深圳市,,宝安区,
332,广东省,,汕头市,,潮南区,
333,广东省,,汕头市,,潮阳区,
334,广东省,,汕头市,,澄海区,
335,广东省,,汕头市,,金平区,
336,广东省,,汕头市,,龙湖区,
337,广东省,,汕头市,,南澳县,
338,广东省,,汕头市,,濠江区,
339,广东省,,汕尾市,,海丰县,
340,广东省,,汕尾市,,陆丰市,
341,广东省,,汕尾市,,陆河县,
342,广东省,,韶关市,,乐昌市,
343,广东省,,韶关市,,南雄市,
344,广东省,,湛江市,,赤坎区,
345,广东省,,湛江市,,雷州市,
346,广东省,,湛江市,,廉江市,
347,广东省,,云浮市,,新兴县,
348,广东省,,云浮市,,云城区,
349,广东省,,肇庆市,,四会市,
350,广东省,,珠海市,,斗门区,
351,广东省,,珠海市,,金湾区,
352,广东省,,珠海市,,香洲区,
353,广西壮族自治区,,防城港市,,防城区,
354,广西壮族自治区,,防城港市,,港口区,
355,广东省,,肇庆市,,德庆县,
356,广东省,,肇庆市,,鼎湖区,
357,广东省,,肇庆市,,端州区,
358,广东省,,肇庆市,,高要区,
359,广东省,,肇庆市,,广宁县,
360,广东省,,肇庆市,,怀集县,
361,广东省,,深圳市,,福田区,
362,广东省,,深圳市,,龙岗区,
363,广东省,,深圳市,,龙华区,
364,广东省,,深圳市,,罗湖区,
365,广东省,,深圳市,,南山区,
366,广东省,,深圳市,,盐田区,
367,广东省,,阳江市,,江城区,
368,广东省,,阳江市,,阳春市,
369,广东省,,阳江市,,阳东区,
370,广东省,,阳江市,,阳西县,
371,广东省,,云浮市,,罗定市,
372,广西壮族自治区,,贺州市,,富川瑶族自治县,
373,广西壮族自治区,,贺州市,,昭平县,
374,广西壮族自治区,,桂林市,,叠彩区,
375,广西壮族自治区,,桂林市,,恭城瑶族自治县,
376,广西壮族自治区,,桂林市,,灌阳县,
377,广西壮族自治区,,桂林市,,荔浦县,
378,广西壮族自治区,,桂林市,,临桂区,
379,广西壮族自治区,,桂林市,,灵川县,
380,广西壮族自治区,,桂林市,,龙胜各族自治县,
381,广西壮族自治区,,桂林市,,平乐县,
382,广西壮族自治区,,桂林市,,七星区,
383,广西壮族自治区,,百色市,,靖西市,
384,广西壮族自治区,,百色市,,凌云县,
385,广西壮族自治区,,百色市,,隆林各族自治县,
386,广西壮族自治区,,百色市,,平果县,
387,广西壮族自治区,,百色市,,田东县,
388,广西壮族自治区,,百色市,,田阳县,
389,广西壮族自治区,,百色市,,右江区,
390,广西壮族自治区,,北海市,,海城区,
391,广西壮族自治区,,北海市,,合浦县,
392,广西壮族自治区,,北海市,,银海区,
393,广西壮族自治区,,崇左市,,扶绥县,
394,广西壮族自治区,,崇左市,,江州区,
395,广西壮族自治区,,崇左市,,龙州县,
396,广西壮族自治区,,崇左市,,凭祥市,
397,广西壮族自治区,,防城港市,,东兴市,
398,广西壮族自治区,,河池市,,巴马瑶族自治县,
399,广西壮族自治区,,河池市,,都安瑶族自治县,
400,广西壮族自治区,,河池市,,凤山县,
401,广西壮族自治区,,河池市,,金城江区,
402,广西壮族自治区,,河池市,,南丹县,
403,广西壮族自治区,,河池市,,宜州区,
404,广西壮族自治区,,贺州市,,八步区,
405,广西壮族自治区,,柳州市,,鹿寨县,
406,广西壮族自治区,,柳州市,,融安县,
407,广西壮族自治区,,柳州市,,鱼峰区,
408,广西壮族自治区,,南宁市,,宾阳县,
409,广西壮族自治区,,南宁市,,横县,
410,广西壮族自治区,,南宁市,,江南区,
411,广西壮族自治区,,南宁市,,良庆区,
412,广西壮族自治区,,南宁市,,隆安县,
413,广西壮族自治区,,来宾市,,合山市,
414,广西壮族自治区,,来宾市,,金秀瑶族自治县,
415,广西壮族自治区,,来宾市,,象州县,
416,广西壮族自治区,,来宾市,,忻城县,
417,广西壮族自治区,,来宾市,,兴宾区,
418,广西壮族自治区,,柳州市,,城中区,
419,广西壮族自治区,,柳州市,,柳北区,
420,广西壮族自治区,,柳州市,,柳城县,
421,广西壮族自治区,,柳州市,,柳江区,
422,广西壮族自治区,,柳州市,,柳南区,
423,广西壮族自治区,,桂林市,,全州县,
424,广西壮族自治区,,桂林市,,象山区,
425,广西壮族自治区,,桂林市,,兴安县,
426,广西壮族自治区,,桂林市,,秀峰区,
427,广西壮族自治区,,桂林市,,雁山区,
428,广西壮族自治区,,桂林市,,永福县,
429,广西壮族自治区,,桂林市,,资源县,
430,广西壮族自治区,,贵港市,,港北区,
431,广西壮族自治区,,贵港市,,港南区,
432,广西壮族自治区,,贵港市,,桂平市,
433,广西壮族自治区,,贵港市,,平南县,
434,河北省,,承德市,,平泉市,
435,河北省,,承德市,,双滦区,
436,河北省,,承德市,,双桥区,
437,河北省,,承德市,,围场满族蒙古族自治县,
438,河北省,,承德市,,兴隆县,
439,河北省,,石家庄市,,平山县,
440,河北省,,石家庄市,,桥西区,
441,湖北省,,咸宁市,,通城县,
442,湖北省,,咸宁市,,通山县,
443,湖北省,,咸宁市,,咸安区,
444,湖北省,,襄阳市,,保康县,
445,黑龙江省,,鸡西市,,虎林市,
446,湖北省,,黄冈市,,红安县,
447,湖北省,,黄冈市,,黄梅县,
448,湖北省,,黄冈市,,黄州区,
449,湖北省,,黄冈市,,罗田县,
450,贵州省,,毕节市,,织金县,
451,河南省,,郑州市,,中原区,
452,河南省,,郑州市,,荥阳市,
453,河北省,,石家庄市,,深泽县,
454,河北省,,石家庄市,,无极县,
455,河北省,,石家庄市,,辛集市,
456,河北省,,石家庄市,,新华区,
457,河南省,,开封市,,祥符区,
458,河南省,,开封市,,禹王台区,
459,河南省,,许昌市,,禹州市,
460,河南省,,许昌市,,鄢陵县,
461,河南省,,郑州市,,登封市,
462,河南省,,郑州市,,二七区,
463,湖北省,,黄冈市,,麻城市,
464,湖北省,,黄冈市,,团风县,
465,湖北省,,黄冈市,,武穴市,
466,湖北省,,襄阳市,,襄州区,
467,湖北省,,襄阳市,,宜城市,
468,湖北省,,襄阳市,,枣阳市,
469,湖北省,,孝感市,,安陆市,
470,湖北省,,黄石市,,大冶市,
471,湖北省,,黄石市,,黄石港区,
472,湖北省,,黄石市,,铁山区,
473,湖北省,,黄石市,,西塞山区,
474,湖北省,,黄石市,,下陆区,
475,河南省,,南阳市,,西峡县,
476,河南省,,周口市,,川汇区,
477,河南省,,周口市,,郸城县,
478,黑龙江省,,佳木斯市,,抚远市,
479,黑龙江省,,佳木斯市,,富锦市,
480,黑龙江省,,佳木斯市,,前进区,
481,黑龙江省,,佳木斯市,,汤原县,
482,黑龙江省,,佳木斯市,,同江市,
483,黑龙江省,,佳木斯市,,向阳区,
484,黑龙江省,,佳木斯市,,桦川县,
485,黑龙江省,,佳木斯市,,桦南县,
486,黑龙江省,,牡丹江市,,爱民区,
487,黑龙江省,,牡丹江市,,东安区,
488,黑龙江省,,牡丹江市,,东宁市,
489,河南省,,南阳市,,新野县,
490,河南省,,南阳市,,镇平县,
491,河南省,,南阳市,,淅川县,
492,河南省,,平顶山市,,宝丰县,
493,河南省,,周口市,,扶沟县,
494,河南省,,平顶山市,,舞钢市,
495,河南省,,周口市,,太康县,
496,河南省,,周口市,,西华县,
497,河南省,,周口市,,项城市,
498,河南省,,驻马店市,,泌阳县,
499,河南省,,周口市,,淮阳县,
500,河南省,,周口市,,鹿邑县,
501,河南省,,周口市,,商水县,
502,河南省,,周口市,,沈丘县,
503,湖北省,,黄石市,,阳新县,
504,湖北省,,荆门市,,东宝区,
505,湖北省,,荆门市,,掇刀区,
506,河南省,,平顶山市,,鲁山县,
507,河南省,,平顶山市,,汝州市,
508,河南省,,平顶山市,,石龙区,
509,河南省,,平顶山市,,卫东区,
510,黑龙江省,,牡丹江市,,海林市,
511,黑龙江省,,牡丹江市,,穆棱市,
512,黑龙江省,,牡丹江市,,宁安市,
513,黑龙江省,,牡丹江市,,绥芬河市,
514,黑龙江省,,齐齐哈尔市,,昂昂溪区,
515,黑龙江省,,齐齐哈尔市,,拜泉县,
516,黑龙江省,,齐齐哈尔市,,富拉尔基区,
517,湖北省,,荆州市,,荆州区,
518,湖北省,,荆州市,,沙市区,
519,湖北省,,荆州市,,石首市,
520,湖北省,,十堰市,,丹江口市,
521,湖北省,,十堰市,,房县,
522,湖北省,,十堰市,,茅箭区,
523,湖北省,,十堰市,,郧西县,
524,湖北省,,十堰市,,郧阳区,
525,湖北省,,十堰市,,张湾区,
526,河南省,,省直辖,,济源市,
527,黑龙江省,,牡丹江市,,西安区,
528,湖北省,,荆门市,,京山县,
529,湖北省,,荆门市,,沙洋县,
530,湖北省,,荆门市,,钟祥市,
531,湖北省,,荆州市,,松滋市,
532,湖北省,,省直辖,,潜江市,
533,河南省,,商丘市,,梁园区,
534,河南省,,商丘市,,民权县,
535,河南省,,新乡市,,长垣县,
536,河南省,,新乡市,,封丘县,
537,河南省,,新乡市,,凤泉区,
538,河南省,,平顶山市,,叶县,
539,河南省,,平顶山市,,湛河区,
540,河南省,,平顶山市,,郏县,
541,河南省,,商丘市,,宁陵县,
542,河南省,,商丘市,,夏邑县,
543,河南省,,商丘市,,永城市,
544,河南省,,商丘市,,虞城县,
545,河南省,,漯河市,,召陵区,
546,河南省,,漯河市,,郾城区,
547,黑龙江省,,大庆市,,杜尔伯特蒙古族自治县,
548,黑龙江省,,大庆市,,龙凤区,
549,黑龙江省,,大庆市,,让胡路区,
550,黑龙江省,,大庆市,,萨尔图区,
551,黑龙江省,,大庆市,,肇源县,
552,河南省,,三门峡市,,湖滨区,
553,河南省,,驻马店市,,确山县,
554,河南省,,驻马店市,,上蔡县,
555,河南省,,驻马店市,,遂平县,
556,河南省,,驻马店市,,西平县,
557,河南省,,驻马店市,,新蔡县,
558,河南省,,濮阳市,,范县,
559,河南省,,濮阳市,,华龙区,
560,黑龙江省,,齐齐哈尔市,,富裕县,
561,黑龙江省,,双鸭山市,,集贤县,
562,黑龙江省,,双鸭山市,,尖山区,
563,黑龙江省,,双鸭山市,,饶河县,
564,黑龙江省,,绥化市,,北林区,
565,河南省,,驻马店市,,正阳县,
566,河南省,,驻马店市,,驿城区,
567,黑龙江省,,牡丹江市,,阳明区,
568,黑龙江省,,齐齐哈尔市,,建华区,
569,黑龙江省,,齐齐哈尔市,,克东县,
570,黑龙江省,,齐齐哈尔市,,克山县,
571,黑龙江省,,齐齐哈尔市,,龙江县,
572,黑龙江省,,齐齐哈尔市,,龙沙区,
573,湖北省,,省直辖,,神农架林区,
574,湖北省,,十堰市,,竹山县,
575,湖北省,,十堰市,,竹溪县,
576,黑龙江省,,七台河市,,茄子河区,
577,黑龙江省,,七台河市,,桃山区,
578,湖北省,,荆州市,,公安县,
579,湖北省,,荆州市,,洪湖市,
580,湖北省,,荆州市,,监利县,
581,湖北省,,省直辖,,天门市,
582,湖北省,,省直辖,,仙桃市,
583,黑龙江省,,大兴安岭地区,,呼玛县,
584,黑龙江省,,大兴安岭地区,,漠河县,
585,黑龙江省,,大兴安岭地区,,塔河县,
586,黑龙江省,,哈尔滨市,,阿城区,
587,黑龙江省,,绥化市,,海伦市,
588,黑龙江省,,绥化市,,兰西县,
589,湖北省,,荆州市,,江陵县,
590,河南省,,三门峡市,,灵宝市,
591,河南省,,三门峡市,,卢氏县,
592,河南省,,三门峡市,,陕州区,
593,河南省,,三门峡市,,渑池县,
594,河南省,,商丘市,,柘城县,
595,河南省,,商丘市,,睢县,
596,河南省,,商丘市,,睢阳区,
597,河南省,,濮阳市,,南乐县,
598,湖北省,,随州市,,广水市,
599,河南省,,新乡市,,红旗区,
600,河南省,,新乡市,,辉县市,
601,河南省,,新乡市,,获嘉县,
602,河南省,,新乡市,,牧野区,
603,河南省,,漯河市,,临颍县,
604,河南省,,濮阳市,,清丰县,
605,河南省,,濮阳市,,台前县,
606,河南省,,濮阳市,,濮阳县,
607,黑龙江省,,绥化市,,青冈县,
608,黑龙江省,,绥化市,,庆安县,
609,湖北省,,随州市,,随县,
610,湖北省,,随州市,,曾都区,
611,河南省,,漯河市,,舞阳县,
612,河南省,,漯河市,,源汇区,
613,黑龙江省,,七台河市,,新兴区,
614,黑龙江省,,齐齐哈尔市,,泰来县,
615,黑龙江省,,齐齐哈尔市,,铁锋区,
616,黑龙江省,,齐齐哈尔市,,讷河市,
617,黑龙江省,,双鸭山市,,宝山区,
618,河南省,,新乡市,,卫滨区,
619,黑龙江省,,大庆市,,肇州县,
620,贵州省,,遵义市,,湄潭县,
621,河北省,,沧州市,,盐山县,
622,河北省,,沧州市,,运河区,
623,河南省,,开封市,,杞县,
624,河南省,,洛阳市,,瀍河回族区,
625,黑龙江省,,鹤岗市,,萝北县,
626,黑龙江省,,鹤岗市,,兴山区,
627,黑龙江省,,黑河市,,爱辉区,
628,黑龙江省,,黑河市,,北安市,
629,河南省,,郑州市,,金水区,
630,河南省,,郑州市,,上街区,
631,河南省,,郑州市,,新密市,
632,河南省,,郑州市,,新郑市,
633,河北省,,承德市,,承德县,
634,河北省,,承德市,,丰宁满族自治县,
635,河北省,,承德市,,宽城满族自治县,
636,河北省,,承德市,,隆化县,
637,河北省,,石家庄市,,高邑县,
638,河北省,,石家庄市,,晋州市,
639,河北省,,石家庄市,,井陉县,
640,河北省,,石家庄市,,灵寿县,
641,湖北省,,咸宁市,,赤壁市,
642,湖北省,,咸宁市,,崇阳县,
643,湖北省,,咸宁市,,嘉鱼县,
644,湖北省,,恩施土家族苗族自治州,,利川市,
645,湖北省,,恩施土家族苗族自治州,,咸丰县,
646,湖北省,,恩施土家族苗族自治州,,宣恩县,
647,河南省,,郑州市,,中牟县,
648,黑龙江省,,鸡西市,,鸡冠区,
649,黑龙江省,,鸡西市,,密山市,
650,河北省,,石家庄市,,鹿泉区,
651,河南省,,开封市,,兰考县,
652,河南省,,开封市,,龙亭区,
653,河南省,,开封市,,顺河回族区,
654,河南省,,许昌市,,长葛市,
655,河南省,,许昌市,,建安区,
656,河南省,,许昌市,,魏都区,
657,黑龙江省,,哈尔滨市,,香坊区,
658,湖北省,,襄阳市,,樊城区,
659,湖北省,,襄阳市,,谷城县,
660,湖北省,,襄阳市,,老河口市,
661,湖北省,,襄阳市,,南漳县,
662,湖北省,,襄阳市,,襄城区,
663,黑龙江省,,佳木斯市,,东风区,
664,湖北省,,黄冈市,,英山县,
665,湖北省,,黄冈市,,蕲春县,
666,河南省,,开封市,,通许县,
667,河南省,,开封市,,尉氏县,
668,海南省,,海口市,,美兰区,
669,黑龙江省,,哈尔滨市,,延寿县,
670,黑龙江省,,哈尔滨市,,依兰县,
671,黑龙江省,,鹤岗市,,东山区,
672,河南省,,郑州市,,巩义市,
673,河南省,,郑州市,,管城回族区,
674,河南省,,郑州市,,惠济区,
675,湖北省,,黄冈市,,浠水县,
676,贵州省,,毕节市,,七星关区,
677,贵州省,,毕节市,,黔西县,
678,贵州省,,毕节市,,威宁彝族回族苗族自治县,
679,海南省,,海口市,,琼山区,
680,海南省,,海口市,,秀英区,
681,河北省,,承德市,,滦平县,
682,湖北省,,恩施土家族苗族自治州,,恩施市,
683,湖北省,,恩施土家族苗族自治州,,鹤峰县,
684,湖北省,,恩施土家族苗族自治州,,建始县,
685,湖北省,,恩施土家族苗族自治州,,来凤县,
686,黑龙江省,,黑河市,,嫩江县,
687,黑龙江省,,黑河市,,孙吴县,
688,黑龙江省,,黑河市,,五大连池市,
689,黑龙江省,,黑河市,,逊克县,
690,广西壮族自治区,,玉林市,,北流市,
691,广西壮族自治区,,玉林市,,容县,
692,广西壮族自治区,,玉林市,,兴业县,
693,河北省,,承德市,,鹰手营子矿区,
694,河北省,,石家庄市,,栾城区,
695,河南省,,洛阳市,,汝阳县,
696,河南省,,洛阳市,,西工区,
697,河南省,,洛阳市,,新安县,
698,河南省,,洛阳市,,伊川县,
699,河南省,,洛阳市,,宜阳县,
700,河南省,,洛阳市,,偃师市,
701,河北省,,唐山市,,路北区,
702,河北省,,唐山市,,路南区,
703,河北省,,邢台市,,巨鹿县,
704,河北省,,邢台市,,临城县,
705,河北省,,邢台市,,临西县,
706,河北省,,邢台市,,隆尧县,
707,河北省,,邢台市,,南宫市,
708,海南省,,省直辖,,文昌市,
709,海南省,,省直辖,,五指山市,
710,河北省,,保定市,,安国市,
711,河北省,,邯郸市,,广平县,
712,河北省,,邯郸市,,邯山区,
713,河北省,,邯郸市,,成安县,
714,河北省,,邯郸市,,磁县,
715,河北省,,邯郸市,,丛台区,
716,河北省,,石家庄市,,新乐市,
717,海南省,,三亚市,,天涯区,
718,海南省,,三亚市,,崖州区,
719,海南省,,省直辖,,白沙黎族自治县,
720,海南省,,省直辖,,保亭黎族苗族自治县,
721,河北省,,邢台市,,南和县,
722,河南省,,南阳市,,内乡县,
723,河南省,,南阳市,,社旗县,
724,河南省,,南阳市,,唐河县,
725,河南省,,南阳市,,桐柏县,
726,河南省,,南阳市,,宛城区,
727,河北省,,邯郸市,,鸡泽县,
728,河北省,,邯郸市,,临漳县,
729,河北省,,邯郸市,,邱县,
730,河北省,,邯郸市,,曲周县,
731,河北省,,邢台市,,清河县,
732,河北省,,邢台市,,任县,
733,河北省,,邢台市,,沙河市,
734,河北省,,邢台市,,威县,
735,河北省,,邢台市,,新河县,
736,贵州省,,贵阳市,,乌当区,
737,贵州省,,贵阳市,,修文县,
738,贵州省,,贵阳市,,云岩区,
739,贵州省,,六盘水市,,六枝特区,
740,贵州省,,六盘水市,,盘州市,
741,河北省,,保定市,,安新县,
742,河北省,,保定市,,博野县,
743,河北省,,保定市,,定兴县,
744,河北省,,邯郸市,,涉县,
745,河北省,,邯郸市,,魏县,
746,河北省,,邯郸市,,武安市,
747,河北省,,邯郸市,,永年区,
748,河北省,,衡水市,,安平县,
749,贵州省,,黔东南苗族侗族自治州,,锦屏县,
750,贵州省,,黔东南苗族侗族自治州,,凯里市,
751,河北省,,保定市,,定州市,
752,河北省,,保定市,,阜平县,
753,河北省,,保定市,,高碑店市,
754,河北省,,保定市,,高阳县,
755,河北省,,保定市,,竞秀区,
756,河北省,,邢台市,,邢台县,
757,河北省,,张家口市,,赤城县,
758,河北省,,张家口市,,崇礼区,
759,河北省,,张家口市,,沽源县,
760,河北省,,张家口市,,怀安县,
761,贵州省,,六盘水市,,钟山区,
762,河北省,,衡水市,,景县,
763,河北省,,衡水市,,饶阳县,
764,河北省,,张家口市,,怀来县,
765,河北省,,张家口市,,康保县,
766,河北省,,张家口市,,桥东区,
767,贵州省,,黔东南苗族侗族自治州,,丹寨县,
768,贵州省,,黔东南苗族侗族自治州,,剑河县,
769,河北省,,保定市,,涞水县,
770,河北省,,保定市,,涞源县,
771,河北省,,保定市,,涿州市,
772,河北省,,保定市,,蠡县,
773,河北省,,沧州市,,泊头市,
774,河北省,,廊坊市,,大厂回族自治县,
775,河北省,,廊坊市,,大城县,
776,河北省,,衡水市,,阜城县,
777,河北省,,衡水市,,故城县,
778,河北省,,衡水市,,冀州区,
779,河北省,,张家口市,,万全区,
780,贵州省,,黔东南苗族侗族自治州,,雷山县,
781,贵州省,,黔东南苗族侗族自治州,,黎平县,
782,贵州省,,黔东南苗族侗族自治州,,麻江县,
783,贵州省,,黔东南苗族侗族自治州,,岑巩县,
784,贵州省,,黔东南苗族侗族自治州,,榕江县,
785,河北省,,保定市,,莲池区,
786,河北省,,保定市,,满城区,
787,河北省,,保定市,,清苑区,
788,河北省,,保定市,,曲阳县,
789,河北省,,沧州市,,河间市,
790,河北省,,沧州市,,黄骅市,
791,河北省,,沧州市,,孟村回族自治县,
792,河北省,,沧州市,,南皮县,
793,河北省,,沧州市,,青县,
794,河北省,,沧州市,,任丘市,
795,河北省,,保定市,,容城县,
796,河北省,,衡水市,,深州市,
797,河北省,,衡水市,,桃城区,
798,河北省,,衡水市,,武强县,
799,河北省,,廊坊市,,固安县,
800,河北省,,廊坊市,,广阳区,
801,河北省,,廊坊市,,三河市,
802,河南省,,安阳市,,汤阴县,
803,河南省,,安阳市,,文峰区,
804,河北省,,秦皇岛市,,昌黎县,
805,河北省,,秦皇岛市,,抚宁区,
806,河北省,,秦皇岛市,,海港区,
807,河北省,,秦皇岛市,,卢龙县,
808,河北省,,衡水市,,武邑县,
809,河北省,,衡水市,,枣强县,
810,河北省,,张家口市,,蔚县,
811,河北省,,张家口市,,宣化区,
812,河北省,,张家口市,,阳原县,
813,河北省,,张家口市,,张北县,
814,河南省,,安阳市,,殷都区,
815,河南省,,鹤壁市,,浚县,
816,贵州省,,黔西南布依族苗族自治州,,晴隆县,
817,贵州省,,黔西南布依族苗族自治州,,兴仁县,
818,河北省,,秦皇岛市,,青龙满族自治县,
819,河北省,,秦皇岛市,,山海关区,
820,河南省,,焦作市,,解放区,
821,河南省,,焦作市,,孟州市,
822,河南省,,焦作市,,沁阳市,
823,河南省,,焦作市,,山阳区,
824,河南省,,焦作市,,温县,
825,河北省,,张家口市,,涿鹿县,
826,河南省,,安阳市,,安阳县,
827,河南省,,安阳市,,北关区,
828,贵州省,,黔南布依族苗族自治州,,长顺县,
829,贵州省,,黔南布依族苗族自治州,,都匀市,
830,贵州省,,黔南布依族苗族自治州,,福泉市,
831,贵州省,,黔西南布依族苗族自治州,,兴义市,
832,贵州省,,铜仁市,,碧江区,
833,贵州省,,遵义市,,赤水市,
834,贵州省,,遵义市,,红花岗区,
835,贵州省,,遵义市,,汇川区,
836,贵州省,,遵义市,,仁怀市,
837,贵州省,,黔南布依族苗族自治州,,贵定县,
838,贵州省,,黔南布依族苗族自治州,,惠水县,
839,河北省,,保定市,,顺平县,
840,河北省,,保定市,,唐县,
841,河北省,,保定市,,望都县,
842,河北省,,沧州市,,沧县,
843,河北省,,沧州市,,东光县,
844,河北省,,廊坊市,,文安县,
845,贵州省,,遵义市,,绥阳县,
846,河北省,,沧州市,,肃宁县,
847,河北省,,沧州市,,吴桥县,
848,河北省,,沧州市,,献县,
849,河北省,,保定市,,雄县,
850,河北省,,保定市,,徐水区,
851,河北省,,廊坊市,,安次区,
852,河北省,,廊坊市,,霸州市,
853,河北省,,廊坊市,,香河县,
854,河北省,,廊坊市,,永清县,
855,河北省,,秦皇岛市,,北戴河区,
856,河南省,,鹤壁市,,淇滨区,
857,河北省,,石家庄市,,长安区,
858,河南省,,焦作市,,武陟县,
859,河南省,,焦作市,,修武县,
860,河南省,,焦作市,,中站区,
861,河南省,,鹤壁市,,淇县,
862,河南省,,焦作市,,博爱县,
863,河南省,,安阳市,,滑县,
864,河南省,,安阳市,,林州市,
865,河南省,,安阳市,,龙安区,
866,河南省,,安阳市,,内黄县,
867,贵州省,,黔南布依族苗族自治州,,龙里县,
868,贵州省,,黔南布依族苗族自治州,,平塘县,
869,贵州省,,黔南布依族苗族自治州,,瓮安县,
870,贵州省,,铜仁市,,江口县,
871,贵州省,,铜仁市,,思南县,
872,贵州省,,铜仁市,,松桃苗族自治县,
873,贵州省,,铜仁市,,玉屏侗族自治县,
874,贵州省,,遵义市,,播州区,
875,贵州省,,遵义市,,桐梓县,
876,贵州省,,遵义市,,正安县,
877,贵州省,,黔西南布依族苗族自治州,,册亨县,
878,河北省,,保定市,,易县,
879,广西壮族自治区,,南宁市,,青秀区,
880,广西壮族自治区,,南宁市,,武鸣区,
881,广西壮族自治区,,南宁市,,西乡塘区,
882,广西壮族自治区,,玉林市,,玉州区,
883,河北省,,石家庄市,,行唐县,
884,河北省,,石家庄市,,裕华区,
885,河北省,,石家庄市,,元氏县,
886,河南省,,洛阳市,,涧西区,
887,海南省,,省直辖,,昌江黎族自治县,
888,河北省,,唐山市,,曹妃甸区,
889,河北省,,唐山市,,丰南区,
890,河北省,,唐山市,,丰润区,
891,河南省,,南阳市,,卧龙区,
892,海南省,,省直辖,,临高县,
893,海南省,,省直辖,,陵水黎族自治县,
894,海南省,,省直辖,,琼海市,
895,贵州省,,安顺市,,关岭布依族苗族自治县,
896,贵州省,,安顺市,,平坝区,
897,贵州省,,安顺市,,普定县,
898,贵州省,,安顺市,,西秀区,
899,贵州省,,安顺市,,镇宁布依族苗族自治县,
900,河南省,,洛阳市,,老城区,
901,河南省,,洛阳市,,洛龙区,
902,河南省,,洛阳市,,洛宁县,
903,河南省,,洛阳市,,孟津县,
904,河北省,,唐山市,,遵化市,
905,河北省,,邢台市,,柏乡县,
906,河北省,,邢台市,,广宗县,
907,海南省,,省直辖,,琼中黎族苗族自治县,
908,海南省,,省直辖,,屯昌县,
909,海南省,,省直辖,,万宁市,
910,河北省,,唐山市,,滦南县,
911,河北省,,唐山市,,滦县,
912,河北省,,唐山市,,迁安市,
913,贵州省,,毕节市,,大方县,
914,贵州省,,毕节市,,金沙县,
915,广西壮族自治区,,南宁市,,兴宁区,
916,海南省,,三亚市,,海棠区,
917,海南省,,三亚市,,吉阳区,
918,河北省,,邯郸市,,大名县,
919,河南省,,洛阳市,,栾川县,
920,河南省,,南阳市,,邓州市,
921,河北省,,唐山市,,迁西县,
922,河北省,,唐山市,,玉田县,
923,河北省,,邢台市,,内丘县,
924,河北省,,邢台市,,宁晋县,
925,河北省,,邢台市,,平乡县,
926,广西壮族自治区,,南宁市,,邕宁区,
927,广西壮族自治区,,钦州市,,灵山县,
928,广西壮族自治区,,钦州市,,钦北区,
929,广西壮族自治区,,钦州市,,钦南区,
930,河北省,,邯郸市,,肥乡区,
931,河北省,,邯郸市,,峰峰矿区,
932,河北省,,邯郸市,,复兴区,
933,河北省,,邯郸市,,馆陶县,
934,河南省,,南阳市,,方城县,
935,海南省,,省直辖,,澄迈县,
936,海南省,,省直辖,,定安县,
937,海南省,,省直辖,,东方市,
938,贵州省,,贵阳市,,观山湖区,
939,贵州省,,贵阳市,,花溪区,
940,广西壮族自治区,,梧州市,,苍梧县,
941,广西壮族自治区,,梧州市,,长洲区,
942,河北省,,石家庄市,,赞皇县,
943,河北省,,石家庄市,,赵县,
944,河北省,,石家庄市,,正定县,
945,河北省,,石家庄市,,藁城区,
946,海南省,,省直辖,,乐东黎族自治县,
947,河北省,,唐山市,,古冶区,
948,河北省,,唐山市,,开平区,
949,河北省,,唐山市,,乐亭县,
950,贵州省,,贵阳市,,开阳县,
951,贵州省,,贵阳市,,南明区,
952,贵州省,,贵阳市,,清镇市,
953,广西壮族自治区,,梧州市,,蒙山县,
954,广西壮族自治区,,梧州市,,藤县,
955,广西壮族自治区,,梧州市,,万秀区,
956,广西壮族自治区,,梧州市,,岑溪市,
957,吉林省,,四平市,,公主岭市,
958,吉林省,,四平市,,双辽市,
959,江苏省,,苏州市,,张家港市,
960,江苏省,,宿迁市,,宿城区,
961,江苏省,,宿迁市,,宿豫区,
962,湖南省,,岳阳市,,云溪区,
963,湖南省,,岳阳市,,汨罗市,
964,吉林省,,松原市,,宁江区,
965,吉林省,,松原市,,乾安县,
966,吉林省,,松原市,,前郭尔罗斯蒙古族自治县,
967,内蒙古自治区,,呼和浩特市,,新城区,
968,内蒙古自治区,,呼和浩特市,,玉泉区,
969,内蒙古自治区,,呼伦贝尔市,,阿荣旗,
970,江西省,,赣州市,,信丰县,
971,江西省,,吉安市,,吉水县,
972,江西省,,吉安市,,吉州区,
973,江西省,,宜春市,,铜鼓县,
974,江西省,,宜春市,,万载县,
975,江西省,,宜春市,,宜丰县,
976,江西省,,宜春市,,袁州区,
977,江西省,,宜春市,,樟树市,
978,江苏省,,宿迁市,,沭阳县,
979,湖南省,,郴州市,,汝城县,
980,湖南省,,郴州市,,苏仙区,
981,湖南省,,郴州市,,宜章县,
982,湖南省,,郴州市,,永兴县,
983,湖南省,,郴州市,,资兴市,
984,吉林省,,通化市,,东昌区,
985,江苏省,,泰州市,,高港区,
986,江苏省,,泰州市,,海陵区,
987,江苏省,,泰州市,,姜堰区,
988,江西省,,赣州市,,兴国县,
989,江西省,,赣州市,,寻乌县,
990,江西省,,赣州市,,于都县,
991,江西省,,赣州市,,章贡区,
992,江西省,,宜春市,,丰城市,
993,辽宁省,,盘锦市,,大洼区,
994,辽宁省,,盘锦市,,盘山县,
995,辽宁省,,盘锦市,,双台子区,
996,辽宁省,,盘锦市,,兴隆台区,
997,内蒙古自治区,,呼伦贝尔市,,满洲里市,
998,内蒙古自治区,,呼伦贝尔市,,扎兰屯市,
999,内蒙古自治区,,通辽市,,霍林郭勒市,
1000,内蒙古自治区,,通辽市,,科尔沁区,
1001,江西省,,吉安市,,井冈山市,
1002,江西省,,吉安市,,青原区,
1003,江西省,,吉安市,,遂川县,
1004,江西省,,鹰潭市,,月湖区,
1005,辽宁省,,沈阳市,,大东区,
1006,辽宁省,,沈阳市,,法库县,
1007,辽宁省,,沈阳市,,和平区,
1008,湖北省,,孝感市,,孝昌县,
1009,湖北省,,孝感市,,孝南区,
1010,湖北省,,孝感市,,应城市,
1011,江西省,,吉安市,,万安县,
1012,江西省,,吉安市,,峡江县,
1013,江西省,,吉安市,,新干县,
1014,江西省,,吉安市,,泰和县,
1015,江西省,,鹰潭市,,贵溪市,
1016,江西省,,鹰潭市,,余江县,
1017,辽宁省,,沈阳市,,康平县,
1018,辽宁省,,沈阳市,,辽中区,
1019,辽宁省,,沈阳市,,沈北新区,
1020,辽宁省,,沈阳市,,沈河区,
1021,江苏省,,徐州市,,新沂市,
1022,江苏省,,徐州市,,云龙区,
1023,辽宁省,,沈阳市,,皇姑区,
1024,湖北省,,孝感市,,大悟县,
1025,湖北省,,孝感市,,汉川市,
1026,江西省,,吉安市,,永丰县,
1027,江西省,,吉安市,,永新县,
1028,辽宁省,,鞍山市,,海城市,
1029,辽宁省,,鞍山市,,立山区,
1030,辽宁省,,鞍山市,,千山区,
1031,辽宁省,,鞍山市,,铁东区,
1032,辽宁省,,鞍山市,,铁西区,
1033,辽宁省,,沈阳市,,浑南区,
1034,江苏省,,徐州市,,邳州市,
1035,江苏省,,徐州市,,睢宁县,
1036,江苏省,,盐城市,,滨海县,
1037,江苏省,,扬州市,,江都区,
1038,江苏省,,扬州市,,仪征市,
1039,江苏省,,扬州市,,邗江区,
1040,江西省,,九江市,,浔阳区,
1041,江西省,,九江市,,濂溪区,
1042,江西省,,南昌市,,安义县,
1043,江西省,,景德镇市,,昌江区,
1044,江西省,,景德镇市,,浮梁县,
1045,江西省,,景德镇市,,乐平市,
1046,辽宁省,,鞍山市,,岫岩满族自治县,
1047,江苏省,,盐城市,,响水县,
1048,江西省,,九江市,,德安县,
1049,江西省,,九江市,,都昌县,
1050,江西省,,九江市,,共青城市,
1051,江西省,,九江市,,湖口县,
1052,江西省,,九江市,,庐山市,
1053,江西省,,南昌市,,东湖区,
1054,辽宁省,,大连市,,金州区,
1055,辽宁省,,大连市,,旅顺口区,
1056,辽宁省,,大连市,,普兰店区,
1057,辽宁省,,本溪市,,本溪满族自治县,
1058,辽宁省,,本溪市,,桓仁满族自治县,
1059,辽宁省,,沈阳市,,苏家屯区,
1060,江西省,,九江市,,彭泽县,
1061,辽宁省,,朝阳市,,朝阳县,
1062,辽宁省,,朝阳市,,建平县,
1063,辽宁省,,朝阳市,,喀喇沁左翼蒙古族自治县,
1064,辽宁省,,朝阳市,,凌源市,
1065,辽宁省,,朝阳市,,龙城区,
1066,辽宁省,,大连市,,沙河口区,
1067,辽宁省,,大连市,,瓦房店市,
1068,辽宁省,,大连市,,西岗区,
1069,内蒙古自治区,,巴彦淖尔市,,杭锦后旗,
1070,辽宁省,,沈阳市,,新民市,
1071,辽宁省,,沈阳市,,于洪区,
1072,辽宁省,,朝阳市,,双塔区,
1073,辽宁省,,铁岭市,,银州区,
1074,辽宁省,,营口市,,大石桥市,
1075,内蒙古自治区,,巴彦淖尔市,,临河区,
1076,内蒙古自治区,,巴彦淖尔市,,乌拉特前旗,
1077,内蒙古自治区,,巴彦淖尔市,,乌拉特中旗,
1078,内蒙古自治区,,巴彦淖尔市,,五原县,
1079,江苏省,,盐城市,,大丰区,
1080,江苏省,,盐城市,,东台市,
1081,江苏省,,盐城市,,阜宁县,
1082,江西省,,景德镇市,,珠山区,
1083,辽宁省,,营口市,,盖州市,
1084,辽宁省,,营口市,,西市区,
1085,江苏省,,盐城市,,盐都区,
1086,江苏省,,扬州市,,宝应县,
1087,江苏省,,镇江市,,丹徒区,
1088,江苏省,,镇江市,,丹阳市,
1089,江苏省,,镇江市,,京口区,
1090,江西省,,南昌市,,进贤县,
1091,江西省,,九江市,,柴桑区,
1092,江苏省,,扬州市,,高邮市,
1093,江西省,,九江市,,瑞昌市,
1094,江西省,,九江市,,武宁县,
1095,江西省,,九江市,,修水县,
1096,内蒙古自治区,,巴彦淖尔市,,磴口县,
1097,内蒙古自治区,,包头市,,达尔罕茂明安联合旗,
1098,内蒙古自治区,,包头市,,东河区,
1099,辽宁省,,本溪市,,明山区,
1100,辽宁省,,本溪市,,溪湖区,
1101,辽宁省,,朝阳市,,北票市,
1102,江西省,,九江市,,永修县,
1103,辽宁省,,大连市,,长海县,
1104,江西省,,南昌市,,南昌县,
1105,江西省,,南昌市,,青山湖区,
1106,江西省,,南昌市,,青云谱区,
1107,江西省,,南昌市,,湾里区,
1108,辽宁省,,铁岭市,,昌图县,
1109,辽宁省,,铁岭市,,开原市,
1110,辽宁省,,铁岭市,,铁岭县,
1111,辽宁省,,铁岭市,,西丰县,
1112,辽宁省,,大连市,,甘井子区,
1113,辽宁省,,营口市,,站前区,
1114,辽宁省,,营口市,,鲅鱼圈区,
1115,内蒙古自治区,,阿拉善盟,,阿拉善左旗,
1116,江苏省,,镇江市,,句容市,
1117,江苏省,,镇江市,,润州区,
1118,江苏省,,镇江市,,扬中市,
1119,江苏省,,盐城市,,建湖县,
1120,江苏省,,盐城市,,射阳县,
1121,江苏省,,盐城市,,亭湖区,
1122,江苏省,,扬州市,,广陵区,
1123,辽宁省,,大连市,,中山区,
1124,辽宁省,,大连市,,庄河市,
1125,辽宁省,,丹东市,,东港市,
1126,吉林省,,吉林市,,蛟河市,
1127,吉林省,,辽源市,,东丰县,
1128,吉林省,,辽源市,,东辽县,
1129,吉林省,,辽源市,,龙山区,
1130,江苏省,,苏州市,,太仓市,
1131,江苏省,,苏州市,,吴江区,
1132,湖南省,,岳阳市,,华容县,
1133,湖南省,,岳阳市,,君山区,
1134,湖南省,,岳阳市,,临湘市,
1135,湖南省,,岳阳市,,平江县,
1136,江苏省,,泰州市,,靖江市,
1137,江苏省,,泰州市,,泰兴市,
1138,内蒙古自治区,,呼和浩特市,,和林格尔县,
1139,内蒙古自治区,,呼和浩特市,,回民区,
1140,内蒙古自治区,,呼和浩特市,,清水河县,
1141,江西省,,宜春市,,奉新县,
1142,江西省,,宜春市,,高安市,
1143,江西省,,宜春市,,靖安县,
1144,江西省,,宜春市,,上高县,
1145,辽宁省,,辽阳市,,灯塔市,
1146,江苏省,,苏州市,,吴中区,
1147,江苏省,,苏州市,,相城区,
1148,湖南省,,郴州市,,北湖区,
1149,湖南省,,岳阳市,,湘阴县,
1150,吉林省,,四平市,,伊通满族自治县,
1151,内蒙古自治区,,呼和浩特市,,赛罕区,
1152,内蒙古自治区,,呼和浩特市,,土默特左旗,
1153,内蒙古自治区,,呼和浩特市,,托克托县,
1154,江西省,,赣州市,,宁都县,
1155,江西省,,赣州市,,全南县,
1156,辽宁省,,辽阳市,,宏伟区,
1157,辽宁省,,辽阳市,,辽阳县,
1158,辽宁省,,辽阳市,,太子河区,
1159,辽宁省,,辽阳市,,文圣区,
1160,湖南省,,郴州市,,桂东县,
1161,湖南省,,郴州市,,桂阳县,
1162,湖南省,,郴州市,,临武县,
1163,湖南省,,永州市,,零陵区,
1164,吉林省,,松原市,,长岭县,
1165,江苏省,,宿迁市,,泗洪县,
1166,江苏省,,宿迁市,,泗阳县,
1167,江西省,,赣州市,,瑞金市,
1168,江西省,,赣州市,,上犹县,
1169,江西省,,赣州市,,石城县,
1170,江西省,,新余市,,分宜县,
1171,内蒙古自治区,,呼伦贝尔市,,陈巴尔虎旗,
1172,内蒙古自治区,,呼伦贝尔市,,鄂伦春自治旗,
1173,内蒙古自治区,,呼伦贝尔市,,鄂温克族自治旗,
1174,内蒙古自治区,,呼伦贝尔市,,海拉尔区,
1175,湖南省,,永州市,,宁远县,
1176,湖南省,,永州市,,祁阳县,
1177,湖南省,,永州市,,新田县,
1178,湖南省,,衡阳市,,常宁市,
1179,湖南省,,衡阳市,,衡东县,
1180,江西省,,新余市,,渝水区,
1181,辽宁省,,锦州市,,凌河区,
1182,辽宁省,,锦州市,,太和区,
1183,江西省,,吉安市,,安福县,
1184,江西省,,吉安市,,吉安县,
1185,湖南省,,衡阳市,,衡南县,
1186,湖南省,,衡阳市,,衡山县,
1187,湖南省,,衡阳市,,衡阳县,
1188,湖南省,,岳阳市,,岳阳楼区,
1189,湖南省,,岳阳市,,岳阳县,
1190,辽宁省,,锦州市,,义县,
1191,辽宁省,,辽阳市,,白塔区,
1192,内蒙古自治区,,呼和浩特市,,武川县,
1193,黑龙江省,,哈尔滨市,,方正县,
1194,黑龙江省,,哈尔滨市,,呼兰区,
1195,黑龙江省,,哈尔滨市,,木兰县,
1196,黑龙江省,,哈尔滨市,,南岗区,
1197,黑龙江省,,哈尔滨市,,平房区,
1198,黑龙江省,,伊春市,,金山屯区,
1199,黑龙江省,,伊春市,,铁力市,
1200,湖南省,,张家界市,,慈利县,
1201,湖南省,,张家界市,,桑植县,
1202,江苏省,,无锡市,,梁溪区,
1203,江苏省,,无锡市,,锡山区,
1204,江苏省,,无锡市,,新吴区,
1205,湖南省,,衡阳市,,珠晖区,
1206,湖南省,,衡阳市,,耒阳市,
1207,江苏省,,淮安市,,盱眙县,
1208,江苏省,,连云港市,,东海县,
1209,江苏省,,连云港市,,赣榆区,
1210,黑龙江省,,伊春市,,五营区,
1211,黑龙江省,,伊春市,,西林区,
1212,黑龙江省,,伊春市,,伊春区,
1213,黑龙江省,,伊春市,,友好区,
1214,湖北省,,武汉市,,汉阳区,
1215,湖北省,,武汉市,,洪山区,
1216,吉林省,,通化市,,二道江区,
1217,吉林省,,通化市,,辉南县,
1218,吉林省,,通化市,,集安市,
1219,吉林省,,通化市,,柳河县,
1220,吉林省,,通化市,,梅河口市,
1221,湖南省,,怀化市,,辰溪县,
1222,湖南省,,怀化市,,鹤城区,
1223,吉林省,,延边朝鲜族自治州,,龙井市,
1224,吉林省,,延边朝鲜族自治州,,图们市,
1225,吉林省,,延边朝鲜族自治州,,汪清县,
1226,吉林省,,延边朝鲜族自治州,,延吉市,
1227,湖南省,,怀化市,,溆浦县,
1228,江苏省,,常州市,,新北区,
1229,江苏省,,常州市,,钟楼区,
1230,江苏省,,常州市,,溧阳市,
1231,江苏省,,淮安市,,洪泽区,
1232,江苏省,,连云港市,,连云区,
1233,湖北省,,孝感市,,云梦县,
1234,湖北省,,宜昌市,,猇亭区,
1235,江苏省,,徐州市,,贾汪区,
1236,江苏省,,徐州市,,沛县,
1237,江苏省,,徐州市,,泉山区,
1238,江苏省,,徐州市,,铜山区,
1239,湖南省,,怀化市,,沅陵县,
1240,湖南省,,娄底市,,冷水江市,
1241,湖南省,,娄底市,,涟源市,
1242,湖南省,,娄底市,,娄星区,
1243,湖南省,,娄底市,,双峰县,
1244,江苏省,,连云港市,,灌南县,
1245,江苏省,,连云港市,,灌云县,
1246,江苏省,,连云港市,,海州区,
1247,湖北省,,宜昌市,,长阳土家族自治县,
1248,湖南省,,娄底市,,新化县,
1249,湖南省,,邵阳市,,北塔区,
1250,湖南省,,邵阳市,,城步苗族自治县,
1251,湖南省,,株洲市,,天元区,
1252,湖南省,,株洲市,,株洲县,
1253,湖南省,,株洲市,,攸县,
1254,湖南省,,株洲市,,醴陵市,
1255,江苏省,,南京市,,高淳区,
1256,江苏省,,南京市,,建邺区,
1257,湖北省,,宜昌市,,当阳市,
1258,湖北省,,宜昌市,,点军区,
1259,湖北省,,宜昌市,,五峰土家族自治县,
1260,湖北省,,宜昌市,,伍家岗区,
1261,湖北省,,宜昌市,,西陵区,
1262,湖南省,,邵阳市,,大祥区,
1263,湖南省,,邵阳市,,洞口县,
1264,湖南省,,邵阳市,,隆回县,
1265,湖南省,,邵阳市,,邵东县,
1266,湖南省,,邵阳市,,邵阳县,
1267,吉林省,,白城市,,大安市,
1268,吉林省,,白城市,,通榆县,
1269,吉林省,,白城市,,镇赉县,
1270,吉林省,,白城市,,洮北区,
1271,吉林省,,白城市,,洮南市,
1272,吉林省,,白山市,,长白朝鲜族自治县,
1273,江苏省,,南京市,,江宁区,
1274,江苏省,,南京市,,溧水区,
1275,江苏省,,南通市,,崇川区,
1276,江苏省,,南通市,,港闸区,
1277,吉林省,,吉林市,,昌邑区,
1278,吉林省,,吉林市,,船营区,
1279,吉林省,,吉林市,,丰满区,
1280,江苏省,,南通市,,如皋市,
1281,江苏省,,南京市,,六合区,
1282,江苏省,,南京市,,浦口区,
1283,江苏省,,南京市,,栖霞区,
1284,湖北省,,宜昌市,,兴山县,
1285,湖北省,,宜昌市,,夷陵区,
1286,湖南省,,常德市,,鼎城区,
1287,湖南省,,常德市,,汉寿县,
1288,湖南省,,常德市,,津市市,
1289,湖南省,,常德市,,临澧县,
1290,湖南省,,常德市,,石门县,
1291,湖南省,,常德市,,桃源县,
1292,湖南省,,常德市,,武陵区,
1293,江苏省,,苏州市,,常熟市,
1294,湖南省,,长沙市,,开福区,
1295,湖南省,,长沙市,,宁乡市,
1296,湖南省,,长沙市,,天心区,
1297,湖北省,,宜昌市,,宜都市,
1298,湖北省,,宜昌市,,远安县,
1299,湖北省,,宜昌市,,枝江市,
1300,湖南省,,邵阳市,,双清区,
1301,湖南省,,邵阳市,,绥宁县,
1302,湖南省,,湘潭市,,雨湖区,
1303,湖南省,,湘潭市,,岳塘区,
1304,湖南省,,湘西土家族苗族自治州,,保靖县,
1305,湖南省,,湘西土家族苗族自治州,,凤凰县,
1306,湖南省,,长沙市,,望城区,
1307,湖南省,,长沙市,,雨花区,
1308,湖南省,,益阳市,,赫山区,
1309,湖南省,,益阳市,,南县,
1310,湖南省,,益阳市,,桃江县,
1311,湖南省,,邵阳市,,武冈市,
1312,湖南省,,邵阳市,,新宁县,
1313,吉林省,,白山市,,抚松县,
1314,吉林省,,长春市,,九台区,
1315,吉林省,,长春市,,宽城区,
1316,吉林省,,长春市,,绿园区,
1317,吉林省,,长春市,,南关区,
1318,吉林省,,长春市,,农安县,
1319,湖南省,,益阳市,,资阳区,
1320,湖南省,,益阳市,,沅江市,
1321,吉林省,,吉林市,,龙潭区,
1322,吉林省,,吉林市,,磐石市,
1323,吉林省,,白山市,,浑江区,
1324,吉林省,,白山市,,靖宇县,
1325,吉林省,,白山市,,临江市,
1326,江苏省,,南京市,,秦淮区,
1327,吉林省,,长春市,,双阳区,
1328,江苏省,,南通市,,海安县,
1329,江苏省,,南通市,,海门市,
1330,江苏省,,南通市,,启东市,
1331,江苏省,,南通市,,如东县,
1332,吉林省,,吉林市,,舒兰市,
1333,吉林省,,吉林市,,永吉县,
1334,吉林省,,吉林市,,桦甸市,
1335,江苏省,,苏州市,,姑苏区,
1336,江苏省,,南京市,,玄武区,
1337,江苏省,,南京市,,雨花台区,
1338,湖北省,,宜昌市,,秭归县,
1339,湖南省,,常德市,,澧县,
1340,湖南省,,长沙市,,长沙县,
1341,湖南省,,长沙市,,岳麓区,
1342,湖南省,,长沙市,,芙蓉区,
1343,湖南省,,长沙市,,浏阳市,
1344,湖南省,,常德市,,安乡县,
1345,湖南省,,湘西土家族苗族自治州,,吉首市,
1346,湖南省,,益阳市,,安化县,
1347,江苏省,,苏州市,,虎丘区,
1348,江苏省,,苏州市,,昆山市,
1349,湖南省,,湘潭市,,韶山市,
1350,湖南省,,湘潭市,,湘潭县,
1351,湖南省,,湘潭市,,湘乡市,
1352,吉林省,,长春市,,榆树市,
1353,湖南省,,永州市,,道县,
1354,湖南省,,永州市,,江华瑶族自治县,
1355,湖南省,,永州市,,冷水滩区,
1356,吉林省,,长春市,,德惠市,
1357,吉林省,,长春市,,二道区,
1358,湖北省,,武汉市,,蔡甸区,
1359,河南省,,新乡市,,卫辉市,
1360,河南省,,新乡市,,新乡县,
1361,河南省,,新乡市,,延津县,
1362,湖北省,,武汉市,,黄陂区,
1363,湖北省,,武汉市,,江岸区,
1364,湖北省,,武汉市,,江汉区,
1365,河南省,,信阳市,,平桥区,
1366,江苏省,,泰州市,,兴化市,
1367,江苏省,,无锡市,,滨湖区,
1368,吉林省,,延边朝鲜族自治州,,珲春市,
1369,江苏省,,淮安市,,淮安区,
1370,江苏省,,淮安市,,淮阴区,
1371,河南省,,新乡市,,原阳县,
1372,河南省,,信阳市,,浉河区,
1373,黑龙江省,,哈尔滨市,,巴彦县,
1374,黑龙江省,,哈尔滨市,,宾县,
1375,河南省,,信阳市,,商城县,
1376,河南省,,信阳市,,息县,
1377,河南省,,信阳市,,新县,
1378,河南省,,信阳市,,潢川县,
1379,江苏省,,无锡市,,惠山区,
1380,湖南省,,衡阳市,,祁东县,
1381,湖南省,,衡阳市,,石鼓区,
1382,湖南省,,衡阳市,,雁峰区,
1383,湖南省,,衡阳市,,蒸湘区,
1384,江苏省,,淮安市,,金湖县,
1385,江苏省,,淮安市,,涟水县,
1386,江苏省,,淮安市,,清江浦区,
1387,江苏省,,无锡市,,宜兴市,
1388,黑龙江省,,哈尔滨市,,道里区,
1389,黑龙江省,,哈尔滨市,,道外区,
1390,黑龙江省,,绥化市,,肇东市,
1391,黑龙江省,,哈尔滨市,,尚志市,
1392,黑龙江省,,哈尔滨市,,双城区,
1393,黑龙江省,,哈尔滨市,,松北区,
1394,黑龙江省,,哈尔滨市,,五常市,
1395,湖南省,,株洲市,,茶陵县,
1396,湖南省,,株洲市,,荷塘区,
1397,湖南省,,株洲市,,芦淞区,
1398,江苏省,,徐州市,,丰县,
1399,湖南省,,怀化市,,洪江市,
1400,湖南省,,怀化市,,会同县,
1401,黑龙江省,,伊春市,,翠峦区,
1402,黑龙江省,,伊春市,,带岭区,
1403,湖北省,,武汉市,,硚口区,
1404,湖北省,,武汉市,,东西湖区,
1405,湖北省,,鄂州市,,鄂城区,
1406,湖北省,,鄂州市,,华容区,
1407,湖北省,,鄂州市,,梁子湖区,
1408,湖北省,,恩施土家族苗族自治州,,巴东县,
1409,湖南省,,株洲市,,石峰区,
1410,吉林省,,通化市,,通化县,
1411,吉林省,,延边朝鲜族自治州,,敦化市,
1412,湖南省,,怀化市,,靖州苗族侗族自治县,
1413,湖南省,,怀化市,,麻阳苗族自治县,
1414,湖南省,,怀化市,,新晃侗族自治县,
1415,江苏省,,常州市,,金坛区,
1416,湖北省,,武汉市,,汉南区,
1417,湖北省,,武汉市,,江夏区,
1418,湖北省,,武汉市,,青山区,
1419,湖北省,,武汉市,,武昌区,
1420,湖北省,,武汉市,,新洲区,
1421,吉林省,,延边朝鲜族自治州,,和龙市,
1422,江苏省,,无锡市,,江阴市,
1423,江苏省,,常州市,,天宁区,
1424,江苏省,,常州市,,武进区,
1425,河南省,,信阳市,,固始县,
1426,河南省,,信阳市,,光山县,
1427,河南省,,信阳市,,淮滨县,
1428,宁夏回族自治区,,银川市,,贺兰县,
1429,山东省,,菏泽市,,单县,
1430,山东省,,菏泽市,,定陶区,
1431,山东省,,菏泽市,,东明县,
1432,山东省,,菏泽市,,巨野县,
1433,山西省,,晋中市,,平遥县,
1434,山西省,,晋中市,,祁县,
1435,山西省,,晋中市,,太谷县,
1436,山西省,,晋中市,,榆次区,
1437,山西省,,晋中市,,榆社县,
1438,宁夏回族自治区,,银川市,,永宁县,
1439,山东省,,泰安市,,东平县,
1440,山东省,,泰安市,,肥城市,
1441,山东省,,泰安市,,宁阳县,
1442,四川省,,眉山市,,仁寿县,
1443,四川省,,绵阳市,,安州区,
1444,四川省,,绵阳市,,北川羌族自治县,
1445,天津市,,天津市,,津南区,
1446,天津市,,天津市,,静海区,
1447,天津市,,天津市,,南开区,
1448,山东省,,菏泽市,,牡丹区,
1449,山东省,,菏泽市,,郓城县,
1450,山东省,,青岛市,,即墨区,
1451,山东省,,青岛市,,胶州市,
1452,山东省,,青岛市,,莱西市,
1453,宁夏回族自治区,,中卫市,,沙坡头区,
1454,宁夏回族自治区,,中卫市,,中宁县,
1455,山东省,,济南市,,槐荫区,
1456,山东省,,济南市,,济阳县,
1457,山东省,,泰安市,,泰山区,
1458,山西省,,临汾市,,尧都区,
1459,山西省,,临汾市,,隰县,
1460,山西省,,吕梁市,,汾阳市,
1461,天津市,,天津市,,宁河区,
1462,天津市,,天津市,,武清区,
1463,陕西省,,铜川市,,宜君县,
1464,陕西省,,渭南市,,白水县,
1465,陕西省,,渭南市,,澄城县,
1466,陕西省,,渭南市,,大荔县,
1467,陕西省,,渭南市,,富平县,
1468,陕西省,,渭南市,,韩城市,
1469,四川省,,巴中市,,恩阳区,
1470,四川省,,巴中市,,南江县,
1471,四川省,,巴中市,,平昌县,
1472,四川省,,巴中市,,通江县,
1473,四川省,,绵阳市,,涪城区,
1474,四川省,,绵阳市,,江油市,
1475,四川省,,绵阳市,,平武县,
1476,天津市,,天津市,,西青区,
1477,陕西省,,渭南市,,合阳县,
1478,陕西省,,渭南市,,华州区,
1479,陕西省,,渭南市,,临渭区,
1480,陕西省,,西安市,,碑林区,
1481,四川省,,成都市,,成华区,
1482,四川省,,成都市,,崇州市,
1483,四川省,,成都市,,大邑县,
1484,四川省,,绵阳市,,三台县,
1485,四川省,,绵阳市,,游仙区,
1486,山西省,,忻州市,,代县,
1487,山西省,,忻州市,,定襄县,
1488,陕西省,,西安市,,雁塔区,
1489,陕西省,,西安市,,周至县,
1490,陕西省,,西安市,,鄠邑区,
1491,陕西省,,西安市,,灞桥区,
1492,陕西省,,咸阳市,,彬县,
1493,四川省,,绵阳市,,梓潼县,
1494,四川省,,南充市,,高坪区,
1495,西藏自治区,,拉萨市,,达孜区,
1496,西藏自治区,,拉萨市,,堆龙德庆区,
1497,西藏自治区,,拉萨市,,曲水县,
1498,四川省,,成都市,,青白江区,
1499,四川省,,成都市,,青羊区,
1500,四川省,,成都市,,双流区,
1501,四川省,,成都市,,温江区,
1502,四川省,,达州市,,达川区,
1503,四川省,,达州市,,大竹县,
1504,四川省,,达州市,,渠县,
1505,四川省,,达州市,,通川区,
1506,四川省,,达州市,,万源市,
1507,四川省,,遂宁市,,船山区,
1508,陕西省,,西安市,,高陵区,
1509,陕西省,,西安市,,蓝田县,
1510,陕西省,,西安市,,莲湖区,
1511,陕西省,,西安市,,临潼区,
1512,四川省,,成都市,,武侯区,
1513,四川省,,内江市,,隆昌市,
1514,四川省,,内江市,,市中区,
1515,四川省,,内江市,,威远县,
1516,四川省,,遂宁市,,蓬溪县,
1517,四川省,,遂宁市,,射洪县,
1518,四川省,,雅安市,,宝兴县,
1519,山西省,,运城市,,河津市,
1520,四川省,,成都市,,都江堰市,
1521,四川省,,成都市,,简阳市,
1522,四川省,,成都市,,金牛区,
1523,四川省,,成都市,,金堂县,
1524,四川省,,成都市,,锦江区,
1525,四川省,,内江市,,资中县,
1526,山西省,,忻州市,,繁峙县,
1527,山西省,,忻州市,,神池县,
1528,山西省,,忻州市,,五台县,
1529,山西省,,忻州市,,忻府区,
1530,山西省,,运城市,,临猗县,
1531,山西省,,运城市,,平陆县,
1532,山西省,,运城市,,万荣县,
1533,山西省,,运城市,,闻喜县,
1534,山西省,,运城市,,夏县,
1535,陕西省,,咸阳市,,永寿县,
1536,四川省,,南充市,,嘉陵区,
1537,四川省,,南充市,,南部县,
1538,四川省,,南充市,,蓬安县,
1539,四川省,,南充市,,顺庆区,
1540,四川省,,南充市,,西充县,
1541,山西省,,忻州市,,原平市,
1542,山西省,,忻州市,,岢岚县,
1543,陕西省,,咸阳市,,长武县,
1544,陕西省,,咸阳市,,礼泉县,
1545,陕西省,,咸阳市,,乾县,
1546,陕西省,,咸阳市,,泾阳县,
1547,陕西省,,延安市,,宝塔区,
1548,陕西省,,延安市,,富县,
1549,四川省,,达州市,,宣汉县,
1550,内蒙古自治区,,通辽市,,科尔沁左翼中旗,
1551,内蒙古自治区,,通辽市,,库伦旗,
1552,内蒙古自治区,,通辽市,,奈曼旗,
1553,内蒙古自治区,,通辽市,,扎鲁特旗,
1554,内蒙古自治区,,乌海市,,海勃湾区,
1555,陕西省,,咸阳市,,秦都区,
1556,陕西省,,咸阳市,,三原县,
1557,四川省,,成都市,,新都区,
1558,四川省,,成都市,,新津县,
1559,四川省,,德阳市,,广汉市,
1560,四川省,,德阳市,,罗江区,
1561,四川省,,德阳市,,绵竹市,
1562,陕西省,,西安市,,未央区,
1563,陕西省,,西安市,,阎良区,
1564,四川省,,成都市,,邛崃市,
1565,四川省,,成都市,,郫都区,
1566,四川省,,攀枝花市,,东区,
1567,四川省,,攀枝花市,,仁和区,
1568,山西省,,运城市,,稷山县,
1569,陕西省,,延安市,,洛川县,
1570,陕西省,,延安市,,延长县,
1571,陕西省,,延安市,,延川县,
1572,陕西省,,延安市,,宜川县,
1573,四川省,,成都市,,龙泉驿区,
1574,四川省,,成都市,,彭州市,
1575,四川省,,成都市,,蒲江县,
1576,四川省,,遂宁市,,安居区,
1577,四川省,,雅安市,,汉源县,
1578,四川省,,雅安市,,芦山县,
1579,四川省,,雅安市,,名山区,
1580,四川省,,雅安市,,天全县,
1581,四川省,,雅安市,,雨城区,
1582,四川省,,南充市,,仪陇县,
1583,四川省,,南充市,,阆中市,
1584,山西省,,阳泉市,,平定县,
1585,陕西省,,咸阳市,,渭城区,
1586,陕西省,,咸阳市,,武功县,
1587,四川省,,德阳市,,什邡市,
1588,四川省,,德阳市,,中江县,
1589,四川省,,德阳市,,旌阳区,
1590,四川省,,内江市,,东兴区,
1591,山西省,,太原市,,阳曲县,
1592,山西省,,太原市,,迎泽区,
1593,山西省,,忻州市,,保德县,
1594,陕西省,,咸阳市,,兴平市,
1595,陕西省,,咸阳市,,旬邑县,
1596,陕西省,,咸阳市,,杨陵区,
1597,山西省,,运城市,,新绛县,
1598,山西省,,运城市,,盐湖区,
1599,山西省,,运城市,,永济市,
1600,山西省,,运城市,,垣曲县,
1601,山西省,,运城市,,芮城县,
1602,山西省,,运城市,,绛县,
1603,山西省,,大同市,,灵丘县,
1604,山西省,,大同市,,南郊区,
1605,宁夏回族自治区,,石嘴山市,,大武口区,
1606,宁夏回族自治区,,石嘴山市,,惠农区,
1607,宁夏回族自治区,,吴忠市,,红寺堡区,
1608,山东省,,青岛市,,李沧区,
1609,山东省,,青岛市,,平度市,
1610,山西省,,晋城市,,陵川县,
1611,山西省,,晋城市,,沁水县,
1612,山西省,,晋城市,,阳城县,
1613,山西省,,晋城市,,泽州县,
1614,山东省,,济南市,,历城区,
1615,山东省,,济南市,,历下区,
1616,山东省,,济南市,,平阴县,
1617,山西省,,吕梁市,,交城县,
1618,天津市,,天津市,,河东区,
1619,天津市,,天津市,,河西区,
1620,天津市,,天津市,,红桥区,
1621,天津市,,天津市,,蓟州区,
1622,宁夏回族自治区,,吴忠市,,利通区,
1623,山东省,,东营市,,利津县,
1624,山东省,,菏泽市,,曹县,
1625,山东省,,菏泽市,,成武县,
1626,山西省,,晋中市,,和顺县,
1627,山西省,,晋中市,,介休市,
1628,山西省,,晋中市,,灵石县,
1629,宁夏回族自治区,,银川市,,金凤区,
1630,宁夏回族自治区,,银川市,,灵武市,
1631,山东省,,日照市,,东港区,
1632,山东省,,日照市,,五莲县,
1633,山东省,,日照市,,莒县,
1634,山东省,,日照市,,岚山区,
1635,山西省,,晋中市,,左权县,
1636,陕西省,,商洛市,,商州区,
1637,陕西省,,商洛市,,镇安县,
1638,陕西省,,铜川市,,王益区,
1639,山东省,,临沂市,,莒南县,
1640,山东省,,青岛市,,城阳区,
1641,宁夏回族自治区,,银川市,,西夏区,
1642,宁夏回族自治区,,银川市,,兴庆区,
1643,山东省,,菏泽市,,鄄城县,
1644,山西省,,临汾市,,洪洞县,
1645,山西省,,临汾市,,侯马市,
1646,山西省,,临汾市,,霍州市,
1647,山西省,,临汾市,,吉县,
1648,山西省,,临汾市,,乡宁县,
1649,陕西省,,铜川市,,耀州区,
1650,四川省,,阿坝藏族羌族自治州,,红原县,
1651,四川省,,阿坝藏族羌族自治州,,理县,
1652,四川省,,阿坝藏族羌族自治州,,马尔康市,
1653,山东省,,青岛市,,黄岛区,
1654,山西省,,大同市,,天镇县,
1655,山西省,,大同市,,左云县,
1656,山东省,,济南市,,长清区,
1657,山东省,,青岛市,,市北区,
1658,青海省,,果洛藏族自治州,,久治县,
1659,青海省,,海北藏族自治州,,门源回族自治县,
1660,青海省,,海北藏族自治州,,祁连县,
1661,四川省,,阿坝藏族羌族自治州,,汶川县,
1662,四川省,,巴中市,,巴州区,
1663,四川省,,眉山市,,洪雅县,
1664,四川省,,眉山市,,彭山区,
1665,四川省,,眉山市,,青神县,
1666,宁夏回族自治区,,吴忠市,,青铜峡市,
1667,宁夏回族自治区,,吴忠市,,盐池县,
1668,山东省,,青岛市,,市南区,
1669,山东省,,青岛市,,崂山区,
1670,山东省,,济南市,,商河县,
1671,山东省,,济南市,,天桥区,
1672,山东省,,济南市,,章丘区,
1673,辽宁省,,抚顺市,,新宾满族自治县,
1674,辽宁省,,抚顺市,,新抚区,
1675,内蒙古自治区,,赤峰市,,阿鲁科尔沁旗,
1676,内蒙古自治区,,赤峰市,,敖汉旗,
1677,内蒙古自治区,,赤峰市,,巴林右旗,
1678,内蒙古自治区,,赤峰市,,巴林左旗,
1679,江西省,,赣州市,,崇义县,
1680,江西省,,赣州市,,大余县,
1681,江西省,,赣州市,,定南县,
1682,江西省,,上饶市,,铅山县,
1683,江西省,,上饶市,,上饶县,
1684,内蒙古自治区,,鄂尔多斯市,,鄂托克旗,
1685,内蒙古自治区,,鄂尔多斯市,,杭锦旗,
1686,内蒙古自治区,,鄂尔多斯市,,伊金霍洛旗,
1687,内蒙古自治区,,鄂尔多斯市,,准格尔旗,
1688,山东省,,威海市,,文登区,
1689,山东省,,潍坊市,,安丘市,
1690,山西省,,吕梁市,,孝义市,
1691,山西省,,吕梁市,,兴县,
1692,山西省,,吕梁市,,中阳县,
1693,青海省,,海西蒙古族藏族自治州,,都兰县,
1694,青海省,,海西蒙古族藏族自治州,,格尔木市,
1695,山东省,,潍坊市,,昌乐县,
1696,江西省,,上饶市,,万年县,
1697,江西省,,上饶市,,信州区,
1698,江西省,,上饶市,,余干县,
1699,江西省,,上饶市,,玉山县,
1700,辽宁省,,葫芦岛市,,建昌县,
1701,山东省,,济宁市,,嘉祥县,
1702,山东省,,济宁市,,金乡县,
1703,山东省,,济宁市,,梁山县,
1704,山东省,,济宁市,,曲阜市,
1705,山西省,,朔州市,,怀仁县,
1706,山西省,,朔州市,,山阴县,
1707,青海省,,海南藏族自治州,,贵德县,
1708,青海省,,海西蒙古族藏族自治州,,德令哈市,
1709,山东省,,潍坊市,,昌邑市,
1710,山东省,,潍坊市,,坊子区,
1711,山东省,,烟台市,,长岛县,
1712,山东省,,烟台市,,福山区,
1713,山东省,,烟台市,,海阳市,
1714,山东省,,烟台市,,莱山区,
1715,山东省,,烟台市,,莱阳市,
1716,山西省,,朔州市,,朔城区,
1717,山西省,,朔州市,,右玉县,
1718,山东省,,烟台市,,莱州市,
1719,山东省,,烟台市,,龙口市,
1720,山东省,,烟台市,,牟平区,
1721,山东省,,烟台市,,蓬莱市,
1722,山东省,,烟台市,,栖霞市,
1723,山西省,,太原市,,晋源区,
1724,山西省,,太原市,,清徐县,
1725,山西省,,太原市,,古交市,
1726,山西省,,太原市,,尖草坪区,
1727,青海省,,西宁市,,城北区,
1728,青海省,,西宁市,,城东区,
1729,山东省,,潍坊市,,高密市,
1730,山东省,,潍坊市,,寒亭区,
1731,山东省,,潍坊市,,奎文区,
1732,山东省,,潍坊市,,临朐县,
1733,山东省,,潍坊市,,青州市,
1734,山西省,,太原市,,万柏林区,
1735,山西省,,太原市,,小店区,
1736,山西省,,太原市,,杏花岭区,
1737,青海省,,西宁市,,城西区,
1738,山东省,,潍坊市,,寿光市,
1739,山东省,,潍坊市,,潍城区,
1740,山东省,,潍坊市,,诸城市,
1741,内蒙古自治区,,锡林郭勒盟,,二连浩特市,
1742,内蒙古自治区,,锡林郭勒盟,,苏尼特右旗,
1743,内蒙古自治区,,锡林郭勒盟,,苏尼特左旗,
1744,内蒙古自治区,,锡林郭勒盟,,太仆寺旗,
1745,山东省,,滨州市,,沾化区,
1746,山东省,,滨州市,,邹平县,
1747,青海省,,西宁市,,大通回族土族自治县,
1748,青海省,,西宁市,,湟源县,
1749,青海省,,西宁市,,湟中县,
1750,内蒙古自治区,,乌兰察布市,,察哈尔右翼后旗,
1751,内蒙古自治区,,乌兰察布市,,察哈尔右翼前旗,
1752,内蒙古自治区,,乌兰察布市,,丰镇市,
1753,内蒙古自治区,,乌兰察布市,,化德县,
1754,山东省,,烟台市,,招远市,
1755,山东省,,烟台市,,芝罘区,
1756,内蒙古自治区,,兴安盟,,乌兰浩特市,
1757,内蒙古自治区,,兴安盟,,扎赉特旗,
1758,宁夏回族自治区,,固原市,,隆德县,
1759,宁夏回族自治区,,固原市,,彭阳县,
1760,山东省,,德州市,,齐河县,
1761,山东省,,德州市,,庆云县,
1762,青海省,,玉树藏族自治州,,玉树市,
1763,山东省,,滨州市,,滨城区,
1764,山东省,,滨州市,,博兴县,
1765,山东省,,德州市,,德城区,
1766,山东省,,德州市,,乐陵市,
1767,山东省,,聊城市,,东昌府区,
1768,山东省,,聊城市,,高唐县,
1769,山东省,,聊城市,,冠县,
1770,山东省,,聊城市,,临清市,
1771,山东省,,德州市,,武城县,
1772,山东省,,德州市,,夏津县,
1773,山东省,,德州市,,禹城市,
1774,山东省,,临沂市,,兰陵县,
1775,山东省,,济宁市,,兖州区,
1776,山东省,,济宁市,,汶上县,
1777,山东省,,济宁市,,泗水县,
1778,山东省,,莱芜市,,钢城区,
1779,山东省,,聊城市,,阳谷县,
1780,山东省,,聊城市,,茌平县,
1781,山东省,,淄博市,,高青县,
1782,山东省,,淄博市,,桓台县,
1783,山东省,,淄博市,,临淄区,
1784,山东省,,淄博市,,沂源县,
1785,山东省,,临沂市,,兰山区,
1786,山东省,,临沂市,,临沭县,
1787,山东省,,临沂市,,罗庄区,
1788,山东省,,临沂市,,蒙阴县,
1789,山西省,,长治市,,壶关县,
1790,山东省,,枣庄市,,山亭区,
1791,山东省,,枣庄市,,台儿庄区,
1792,山东省,,枣庄市,,薛城区,
1793,山东省,,枣庄市,,峄城区,
1794,山东省,,淄博市,,张店区,
1795,山东省,,淄博市,,周村区,
1796,内蒙古自治区,,锡林郭勒盟,,西乌珠穆沁旗,
1797,内蒙古自治区,,锡林郭勒盟,,锡林浩特市,
1798,山西省,,长治市,,黎城县,
1799,山西省,,长治市,,潞城市,
1800,山西省,,长治市,,平顺县,
1801,山西省,,长治市,,沁县,
1802,山西省,,长治市,,屯留县,
1803,山西省,,长治市,,武乡县,
1804,山西省,,长治市,,襄垣县,
1805,内蒙古自治区,,乌兰察布市,,集宁区,
1806,内蒙古自治区,,乌兰察布市,,凉城县,
1807,内蒙古自治区,,乌兰察布市,,商都县,
1808,内蒙古自治区,,乌兰察布市,,四子王旗,
1809,内蒙古自治区,,锡林郭勒盟,,阿巴嘎旗,
1810,内蒙古自治区,,锡林郭勒盟,,正蓝旗,
1811,内蒙古自治区,,锡林郭勒盟,,正镶白旗,
1812,山东省,,德州市,,临邑县,
1813,山东省,,德州市,,陵城区,
1814,宁夏回族自治区,,固原市,,西吉县,
1815,宁夏回族自治区,,固原市,,原州区,
1816,山东省,,滨州市,,惠民县,
1817,山东省,,滨州市,,无棣县,
1818,山东省,,滨州市,,阳信县,
1819,山东省,,德州市,,宁津县,
1820,山东省,,德州市,,平原县,
1821,山东省,,聊城市,,莘县,
1822,山东省,,东营市,,垦利区,
1823,山东省,,临沂市,,平邑县,
1824,山东省,,临沂市,,沂南县,
1825,山东省,,临沂市,,沂水县,
1826,山东省,,临沂市,,郯城县,
1827,山东省,,莱芜市,,莱城区,
1828,山东省,,聊城市,,东阿县,
1829,山东省,,临沂市,,费县,
1830,山东省,,淄博市,,淄川区,
1831,山东省,,东营市,,东营区,
1832,山东省,,东营市,,广饶县,
1833,山东省,,东营市,,河口区,
1834,山东省,,枣庄市,,滕州市,
1835,山东省,,淄博市,,博山区,
1836,山西省,,长治市,,长治县,
1837,内蒙古自治区,,兴安盟,,科尔沁右翼前旗,
1838,山西省,,大同市,,大同县,
1839,山西省,,大同市,,广灵县,
1840,内蒙古自治区,,锡林郭勒盟,,东乌珠穆沁旗,
1841,江西省,,抚州市,,崇仁县,
1842,江西省,,南昌市,,西湖区,
1843,江西省,,南昌市,,新建区,
1844,江西省,,萍乡市,,安源区,
1845,内蒙古自治区,,赤峰市,,红山区,
1846,江西省,,抚州市,,黎川县,
1847,江西省,,抚州市,,临川区,
1848,江西省,,抚州市,,南城县,
1849,江西省,,抚州市,,南丰县,
1850,辽宁省,,葫芦岛市,,连山区,
1851,辽宁省,,葫芦岛市,,龙港区,
1852,辽宁省,,葫芦岛市,,兴城市,
1853,辽宁省,,锦州市,,北镇市,
1854,内蒙古自治区,,赤峰市,,翁牛特旗,
1855,内蒙古自治区,,赤峰市,,元宝山区,
1856,山东省,,泰安市,,新泰市,
1857,山东省,,泰安市,,岱岳区,
1858,辽宁省,,丹东市,,元宝区,
1859,辽宁省,,丹东市,,振安区,
1860,辽宁省,,丹东市,,振兴区,
1861,江西省,,抚州市,,宜黄县,
1862,江西省,,抚州市,,资溪县,
1863,江西省,,上饶市,,德兴市,
1864,内蒙古自治区,,鄂尔多斯市,,达拉特旗,
1865,内蒙古自治区,,鄂尔多斯市,,东胜区,
1866,山西省,,吕梁市,,离石区,
1867,山西省,,吕梁市,,临县,
1868,山西省,,吕梁市,,柳林县,
1869,山西省,,吕梁市,,石楼县,
1870,辽宁省,,抚顺市,,东洲区,
1871,内蒙古自治区,,包头市,,九原区,
1872,内蒙古自治区,,包头市,,昆都仑区,
1873,内蒙古自治区,,包头市,,土默特右旗,
1874,江西省,,上饶市,,广丰区,
1875,江西省,,上饶市,,横峰县,
1876,辽宁省,,阜新市,,阜新蒙古族自治县,
1877,江西省,,赣州市,,赣县区,
1878,江西省,,赣州市,,会昌县,
1879,江西省,,赣州市,,龙南县,
1880,江西省,,赣州市,,南康区,
1881,山西省,,吕梁市,,文水县,
1882,青海省,,海东市,,互助土族自治县,
1883,青海省,,海南藏族自治州,,共和县,
1884,江西省,,抚州市,,东乡区,
1885,江西省,,抚州市,,广昌县,
1886,江西省,,抚州市,,金溪县,
1887,江西省,,抚州市,,乐安县,
1888,辽宁省,,阜新市,,细河区,
1889,辽宁省,,阜新市,,新邱区,
1890,内蒙古自治区,,赤峰市,,喀喇沁旗,
1891,内蒙古自治区,,赤峰市,,克什克腾旗,
1892,内蒙古自治区,,赤峰市,,林西县,
1893,江西省,,上饶市,,鄱阳县,
1894,江西省,,上饶市,,弋阳县,
1895,江西省,,上饶市,,婺源县,
1896,山东省,,济宁市,,任城区,
1897,山东省,,济宁市,,微山县,
1898,山东省,,济宁市,,鱼台县,
1899,江西省,,萍乡市,,莲花县,
1900,江西省,,萍乡市,,芦溪县,
1901,江西省,,萍乡市,,上栗县,
1902,内蒙古自治区,,赤峰市,,宁城县,
1903,内蒙古自治区,,赤峰市,,松山区,
1904,江西省,,赣州市,,安远县,
1905,辽宁省,,锦州市,,古塔区,
1906,辽宁省,,锦州市,,黑山县,
1907,辽宁省,,锦州市,,凌海市,
1908,山东省,,济宁市,,邹城市,
1909,山东省,,威海市,,环翠区,
1910,山东省,,威海市,,荣成市,
1911,山东省,,威海市,,乳山市,
1912,江西省,,萍乡市,,湘东区,
1913,辽宁省,,抚顺市,,抚顺县,
1914,辽宁省,,抚顺市,,顺城区,
1915,辽宁省,,抚顺市,,望花区,
1916,云南省,,玉溪市,,澄江县,
1917,云南省,,玉溪市,,峨山彝族自治县,
1918,云南省,,玉溪市,,红塔区,
1919,浙江省,,绍兴市,,诸暨市,
1920,浙江省,,绍兴市,,嵊州市,
1921,新疆维吾尔自治区,,和田地区,,和田市,
1922,新疆维吾尔自治区,,和田地区,,和田县,
1923,新疆维吾尔自治区,,和田地区,,墨玉县,
1924,新疆维吾尔自治区,,喀什地区,,喀什市,
1925,浙江省,,杭州市,,富阳区,
1926,浙江省,,杭州市,,拱墅区,
1927,浙江省,,杭州市,,建德市,
1928,浙江省,,温州市,,苍南县,
1929,浙江省,,温州市,,洞头区,
1930,新疆维吾尔自治区,,吐鲁番市,,高昌区,
1931,新疆维吾尔自治区,,吐鲁番市,,托克逊县,
1932,云南省,,昆明市,,石林彝族自治县,
1933,云南省,,昆明市,,五华区,
1934,浙江省,,杭州市,,下城区,
1935,浙江省,,杭州市,,萧山区,
1936,浙江省,,杭州市,,余杭区,
1937,浙江省,,温州市,,泰顺县,
1938,云南省,,红河哈尼族彝族自治州,,河口瑶族自治县,
1939,云南省,,红河哈尼族彝族自治州,,建水县,
1940,云南省,,红河哈尼族彝族自治州,,开远市,
1941,云南省,,红河哈尼族彝族自治州,,蒙自市,
1942,云南省,,红河哈尼族彝族自治州,,弥勒市,
1943,浙江省,,温州市,,乐清市,
1944,浙江省,,温州市,,龙湾区,
1945,云南省,,昆明市,,西山区,
1946,云南省,,昆明市,,寻甸回族彝族自治县,
1947,云南省,,昆明市,,宜良县,
1948,云南省,,昆明市,,嵩明县,
1949,浙江省,,杭州市,,桐庐县,
1950,浙江省,,温州市,,文成县,
1951,浙江省,,温州市,,永嘉县,
1952,浙江省,,温州市,,瓯海区,
1953,广东省,,河源市,,连平县,
1954,甘肃省,,兰州市,,皋兰县,
1955,甘肃省,,兰州市,,红古区,
1956,甘肃省,,兰州市,,西固区,
1957,重庆市,,重庆市,,梁平区,
1958,甘肃省,,甘南藏族自治州,,舟曲县,
1959,甘肃省,,甘南藏族自治州,,卓尼县,
1960,重庆市,,重庆市,,南岸区,
1961,重庆市,,重庆市,,南川区,
1962,重庆市,,重庆市,,彭水苗族土家族自治县,
1963,重庆市,,重庆市,,黔江区,
1964,重庆市,,重庆市,,荣昌区,
1965,甘肃省,,白银市,,平川区,
1966,重庆市,,重庆市,,大足区,
1967,重庆市,,重庆市,,垫江县,
1968,重庆市,,重庆市,,丰都县,
1969,重庆市,,重庆市,,奉节县,
1970,重庆市,,重庆市,,涪陵区,
1971,重庆市,,重庆市,,合川区,
1972,甘肃省,,临夏回族自治州,,东乡族自治县,
1973,甘肃省,,临夏回族自治州,,和政县,
1974,甘肃省,,临夏回族自治州,,临夏市,
1975,甘肃省,,临夏回族自治州,,临夏县,
1976,甘肃省,,临夏回族自治州,,永靖县,
1977,重庆市,,重庆市,,沙坪坝区,
1978,甘肃省,,定西市,,渭源县,
1979,甘肃省,,酒泉市,,瓜州县,
1980,甘肃省,,酒泉市,,金塔县,
1981,甘肃省,,酒泉市,,肃北蒙古族自治县,
1982,甘肃省,,甘南藏族自治州,,迭部县,
1983,甘肃省,,甘南藏族自治州,,临潭县,
1984,西藏自治区,,林芝市,,巴宜区,
1985,重庆市,,重庆市,,江北区,
1986,重庆市,,重庆市,,江津区,
1987,重庆市,,重庆市,,九龙坡区,
1988,重庆市,,重庆市,,开州区,
1989,重庆市,,重庆市,,石柱土家族自治县,
1990,重庆市,,重庆市,,铜梁区,
1991,重庆市,,重庆市,,万州区,
1992,西藏自治区,,那曲市,,色尼区,
1993,甘肃省,,陇南市,,西和县,
1994,甘肃省,,陇南市,,宕昌县,
1995,重庆市,,重庆市,,巫山县,
1996,重庆市,,重庆市,,巫溪县,
1997,重庆市,,重庆市,,武隆区,
1998,安徽省,,淮南市,,八公山区,
1999,安徽省,,六安市,,叶集区,
2000,云南省,,大理白族自治州,,巍山彝族回族自治县,
2001,云南省,,大理白族自治州,,祥云县,
2002,云南省,,大理白族自治州,,漾濞彝族自治县,
2003,云南省,,文山壮族苗族自治州,,文山市,
2004,云南省,,西双版纳傣族自治州,,景洪市,
2005,浙江省,,台州市,,黄岩区,
2006,云南省,,红河哈尼族彝族自治州,,屏边苗族自治县,
2007,云南省,,昭通市,,威信县,
2008,云南省,,昭通市,,昭阳区,
2009,浙江省,,杭州市,,滨江区,
2010,新疆维吾尔自治区,,塔城地区,,和布克赛尔蒙古自治县,
2011,新疆维吾尔自治区,,塔城地区,,乌苏市,
2012,云南省,,昆明市,,东川区,
2013,云南省,,昆明市,,富民县,
2014,云南省,,昆明市,,官渡区,
2015,云南省,,西双版纳傣族自治州,,勐海县,
2016,云南省,,西双版纳傣族自治州,,勐腊县,
2017,浙江省,,绍兴市,,柯桥区,
2018,浙江省,,绍兴市,,上虞区,
2019,浙江省,,绍兴市,,新昌县,
2020,新疆维吾尔自治区,,哈密市,,伊州区,
2021,浙江省,,台州市,,天台县,
2022,浙江省,,台州市,,温岭市,
2023,浙江省,,台州市,,仙居县,
2024,浙江省,,台州市,,玉环市,
2025,云南省,,昆明市,,晋宁区,
2026,云南省,,昆明市,,盘龙区,
2027,浙江省,,杭州市,,江干区,
2028,浙江省,,杭州市,,临安区,
2029,浙江省,,绍兴市,,越城区,
2030,新疆维吾尔自治区,,昌吉回族自治州,,昌吉市,
2031,新疆维吾尔自治区,,昌吉回族自治州,,阜康市,
2032,新疆维吾尔自治区,,昌吉回族自治州,,呼图壁县,
2033,云南省,,迪庆藏族自治州,,维西傈僳族自治县,
2034,云南省,,迪庆藏族自治州,,香格里拉市,
2035,云南省,,红河哈尼族彝族自治州,,个旧市,
2036,云南省,,玉溪市,,华宁县,
2037,新疆维吾尔自治区,,喀什地区,,疏附县,
2038,新疆维吾尔自治区,,喀什地区,,岳普湖县,
2039,新疆维吾尔自治区,,喀什地区,,伽师县,
2040,新疆维吾尔自治区,,克拉玛依市,,克拉玛依区,
2041,浙江省,,杭州市,,上城区,
2042,浙江省,,温州市,,鹿城区,
2043,新疆维吾尔自治区,,昌吉回族自治州,,吉木萨尔县,
2044,新疆维吾尔自治区,,昌吉回族自治州,,木垒哈萨克自治县,
2045,新疆维吾尔自治区,,昌吉回族自治州,,奇台县,
2046,云南省,,大理白族自治州,,云龙县,
2047,云南省,,玉溪市,,江川区,
2048,云南省,,玉溪市,,通海县,
2049,云南省,,玉溪市,,新平彝族傣族自治县,
2050,云南省,,玉溪市,,易门县,
2051,浙江省,,台州市,,椒江区,
2052,云南省,,红河哈尼族彝族自治州,,石屏县,
2053,云南省,,红河哈尼族彝族自治州,,元阳县,
2054,云南省,,昆明市,,安宁市,
2055,云南省,,昆明市,,呈贡区,
2056,浙江省,,温州市,,平阳县,
2057,浙江省,,温州市,,瑞安市,
2058,新疆维吾尔自治区,,塔城地区,,裕民县,
2059,云南省,,德宏傣族景颇族自治州,,芒市,
2060,云南省,,德宏傣族景颇族自治州,,瑞丽市,
2061,浙江省,,台州市,,临海市,
2062,浙江省,,台州市,,路桥区,
2063,浙江省,,台州市,,三门县,
2064,浙江省,,杭州市,,淳安县,
2065,陕西省,,宝鸡市,,陈仓区,
2066,陕西省,,榆林市,,神木市,
2067,陕西省,,榆林市,,绥德县,
2068,陕西省,,榆林市,,榆阳区,
2069,四川省,,自贡市,,荣县,
2070,四川省,,自贡市,,沿滩区,
2071,四川省,,自贡市,,自流井区,
2072,陕西省,,宝鸡市,,眉县,
2073,陕西省,,宝鸡市,,千阳县,
2074,上海市,,上海市,,松江区,
2075,四川省,,乐山市,,五通桥区,
2076,四川省,,乐山市,,犍为县,
2077,四川省,,凉山彝族自治州,,德昌县,
2078,四川省,,凉山彝族自治州,,冕宁县,
2079,四川省,,凉山彝族自治州,,木里藏族自治县,
2080,云南省,,丽江市,,古城区,
2081,云南省,,丽江市,,永胜县,
2082,云南省,,丽江市,,玉龙纳西族自治县,
2083,浙江省,,湖州市,,安吉县,
2084,四川省,,广安市,,华蓥市,
2085,四川省,,广安市,,邻水县,
2086,四川省,,广安市,,前锋区,
2087,四川省,,广安市,,武胜县,
2088,四川省,,广安市,,岳池县,
2089,陕西省,,宝鸡市,,渭滨区,
2090,陕西省,,宝鸡市,,岐山县,
2091,陕西省,,宝鸡市,,麟游县,
2092,上海市,,上海市,,虹口区,
2093,上海市,,上海市,,黄浦区,
2094,四川省,,凉山彝族自治州,,宁南县,
2095,四川省,,凉山彝族自治州,,西昌市,
2096,四川省,,泸州市,,叙永县,
2097,四川省,,泸州市,,泸县,
2098,天津市,,天津市,,宝坻区,
2099,天津市,,天津市,,北辰区,
2100,天津市,,天津市,,滨海新区,
2101,浙江省,,湖州市,,长兴县,
2102,浙江省,,湖州市,,德清县,
2103,浙江省,,舟山市,,定海区,
2104,浙江省,,舟山市,,普陀区,
2105,浙江省,,舟山市,,岱山县,
2106,新疆维吾尔自治区,,乌鲁木齐市,,达坂城区,
2107,新疆维吾尔自治区,,乌鲁木齐市,,米东区,
2108,浙江省,,衢州市,,常山县,
2109,浙江省,,衢州市,,江山市,
2110,浙江省,,衢州市,,开化县,
2111,浙江省,,衢州市,,柯城区,
2112,新疆维吾尔自治区,,乌鲁木齐市,,天山区,
2113,新疆维吾尔自治区,,乌鲁木齐市,,沙依巴克区,
2114,新疆维吾尔自治区,,乌鲁木齐市,,水磨沟区,
2115,云南省,,临沧市,,沧源佤族自治县,
2116,云南省,,临沧市,,凤庆县,
2117,云南省,,临沧市,,耿马傣族佤族自治县,
2118,云南省,,临沧市,,临翔区,
2119,浙江省,,湖州市,,南浔区,
2120,浙江省,,湖州市,,吴兴区,
2121,新疆维吾尔自治区,,乌鲁木齐市,,头屯河区,
2122,新疆维吾尔自治区,,乌鲁木齐市,,新市区,
2123,浙江省,,嘉兴市,,海宁市,
2124,浙江省,,嘉兴市,,海盐县,
2125,浙江省,,嘉兴市,,嘉善县,
2126,浙江省,,嘉兴市,,南湖区,
2127,重庆市,,重庆市,,北碚区,
2128,新疆维吾尔自治区,,伊犁哈萨克自治州,,察布查尔锡伯自治县,
2129,新疆维吾尔自治区,,伊犁哈萨克自治州,,巩留县,
2130,新疆维吾尔自治区,,伊犁哈萨克自治州,,霍城县,
2131,新疆维吾尔自治区,,伊犁哈萨克自治州,,奎屯市,
2132,新疆维吾尔自治区,,伊犁哈萨克自治州,,尼勒克县,
2133,浙江省,,金华市,,磐安县,
2134,浙江省,,金华市,,浦江县,
2135,浙江省,,金华市,,武义县,
2136,浙江省,,金华市,,义乌市,
2137,浙江省,,金华市,,永康市,
2138,新疆维吾尔自治区,,巴音郭楞蒙古自治州,,和静县,
2139,云南省,,楚雄彝族自治州,,楚雄市,
2140,云南省,,楚雄彝族自治州,,大姚县,
2141,云南省,,楚雄彝族自治州,,禄丰县,
2142,浙江省,,衢州市,,龙游县,
2143,浙江省,,衢州市,,衢江区,
2144,重庆市,,重庆市,,巴南区,
2145,新疆维吾尔自治区,,伊犁哈萨克自治州,,新源县,
2146,浙江省,,嘉兴市,,平湖市,
2147,浙江省,,嘉兴市,,桐乡市,
2148,浙江省,,嘉兴市,,秀洲区,
2149,云南省,,楚雄彝族自治州,,牟定县,
2150,云南省,,普洱市,,思茅区,
2151,云南省,,曲靖市,,富源县,
2152,云南省,,曲靖市,,会泽县,
2153,云南省,,曲靖市,,罗平县,
2154,云南省,,曲靖市,,师宗县,
2155,浙江省,,金华市,,婺城区,
2156,浙江省,,丽水市,,景宁畲族自治县,
2157,云南省,,临沧市,,双江拉祜族佤族布朗族傣族自治县,
2158,云南省,,临沧市,,云县,
2159,云南省,,怒江傈僳族自治州,,兰坪白族普米族自治县,
2160,浙江省,,丽水市,,松阳县,
2161,浙江省,,丽水市,,遂昌县,
2162,浙江省,,丽水市,,云和县,
2163,云南省,,曲靖市,,宣威市,
2164,浙江省,,宁波市,,海曙区,
2165,浙江省,,宁波市,,宁海县,
2166,浙江省,,宁波市,,象山县,
2167,浙江省,,宁波市,,余姚市,
2168,浙江省,,丽水市,,莲都区,
2169,重庆市,,重庆市,,长寿区,
2170,重庆市,,重庆市,,城口县,
2171,浙江省,,丽水市,,缙云县,
2172,浙江省,,宁波市,,北仑区,
2173,新疆维吾尔自治区,,阿克苏地区,,阿克苏市,
2174,浙江省,,宁波市,,镇海区,
2175,新疆维吾尔自治区,,巴音郭楞蒙古自治州,,和硕县,
2176,新疆维吾尔自治区,,巴音郭楞蒙古自治州,,库尔勒市,
2177,新疆维吾尔自治区,,巴音郭楞蒙古自治州,,且末县,
2178,新疆维吾尔自治区,,巴音郭楞蒙古自治州,,若羌县,
2179,新疆维吾尔自治区,,巴音郭楞蒙古自治州,,尉犁县,
2180,新疆维吾尔自治区,,巴音郭楞蒙古自治州,,焉耆回族自治县,
2181,重庆市,,重庆市,,大渡口区,
2182,新疆维吾尔自治区,,伊犁哈萨克自治州,,伊宁市,
2183,新疆维吾尔自治区,,伊犁哈萨克自治州,,伊宁县,
2184,新疆维吾尔自治区,,自治区直辖,,阿拉尔市,
2185,新疆维吾尔自治区,,阿克苏地区,,库车县,
2186,新疆维吾尔自治区,,阿勒泰地区,,阿勒泰市,
2187,新疆维吾尔自治区,,博尔塔拉蒙古自治州,,博乐市,
2188,云南省,,楚雄彝族自治州,,南华县,
2189,云南省,,楚雄彝族自治州,,姚安县,
2190,云南省,,楚雄彝族自治州,,元谋县,
2191,云南省,,大理白族自治州,,宾川县,
2192,云南省,,大理白族自治州,,大理市,
2193,新疆维吾尔自治区,,自治区直辖,,北屯市,
2194,新疆维吾尔自治区,,自治区直辖,,可克达拉市,
2195,浙江省,,金华市,,东阳市,
2196,浙江省,,金华市,,金东区,
2197,云南省,,保山市,,昌宁县,
2198,云南省,,保山市,,龙陵县,
2199,云南省,,保山市,,隆阳区,
2200,云南省,,保山市,,腾冲市,
2201,云南省,,大理白族自治州,,洱源县,
2202,云南省,,曲靖市,,沾益区,
2203,云南省,,曲靖市,,麒麟区,
2204,浙江省,,金华市,,兰溪市,
2205,浙江省,,丽水市,,龙泉市,
2206,浙江省,,丽水市,,青田县,
2207,云南省,,普洱市,,景谷傣族彝族自治县,
2208,云南省,,普洱市,,澜沧拉祜族自治县,
2209,云南省,,普洱市,,墨江哈尼族自治县,
2210,云南省,,普洱市,,宁洱哈尼族彝族自治县,
2211,新疆维吾尔自治区,,博尔塔拉蒙古自治州,,精河县,
2212,浙江省,,丽水市,,庆元县,
2213,浙江省,,宁波市,,慈溪市,
2214,浙江省,,宁波市,,奉化区,
2215,云南省,,文山壮族苗族自治州,,广南县,
2216,浙江省,,宁波市,,鄞州区,
2217,西藏自治区,,日喀则市,,桑珠孜区,
2218,新疆维吾尔自治区,,自治区直辖,,昆玉市,
2219,新疆维吾尔自治区,,自治区直辖,,石河子市,
2220,新疆维吾尔自治区,,阿勒泰地区,,福海县,
2221,新疆维吾尔自治区,,阿勒泰地区,,青河县,
2222,云南省,,大理白族自治州,,鹤庆县,
2223,云南省,,大理白族自治州,,南涧彝族自治县,
2224,新疆维吾尔自治区,,自治区直辖,,铁门关市,
2225,新疆维吾尔自治区,,自治区直辖,,图木舒克市,
2226,新疆维吾尔自治区,,自治区直辖,,五家渠市,
2227,四川省,,雅安市,,荥经县,
2228,四川省,,宜宾市,,长宁县,
2229,四川省,,宜宾市,,翠屏区,
2230,四川省,,广元市,,苍溪县,
2231,四川省,,广元市,,朝天区,
2232,四川省,,广元市,,剑阁县,
2233,四川省,,资阳市,,雁江区,
2234,上海市,,上海市,,嘉定区,
2235,上海市,,上海市,,金山区,
2236,上海市,,上海市,,静安区,
2237,四川省,,乐山市,,峨眉山市,
2238,陕西省,,汉中市,,洋县,
2239,陕西省,,商洛市,,丹凤县,
2240,陕西省,,商洛市,,洛南县,
2241,陕西省,,商洛市,,山阳县,
2242,陕西省,,商洛市,,商南县,
2243,四川省,,宜宾市,,高县,
2244,陕西省,,安康市,,白河县,
2245,陕西省,,安康市,,汉滨区,
2246,陕西省,,安康市,,汉阴县,
2247,陕西省,,安康市,,宁陕县,
2248,四川省,,自贡市,,大安区,
2249,四川省,,自贡市,,富顺县,
2250,陕西省,,宝鸡市,,凤县,
2251,陕西省,,宝鸡市,,凤翔县,
2252,陕西省,,宝鸡市,,扶风县,
2253,四川省,,乐山市,,夹江县,
2254,四川省,,乐山市,,井研县,
2255,四川省,,乐山市,,马边彝族自治县,
2256,上海市,,上海市,,徐汇区,
2257,上海市,,上海市,,杨浦区,
2258,上海市,,上海市,,闵行区,
2259,陕西省,,安康市,,平利县,
2260,陕西省,,榆林市,,府谷县,
2261,陕西省,,榆林市,,横山区,
2262,陕西省,,榆林市,,靖边县,
2263,陕西省,,榆林市,,米脂县,
2264,陕西省,,宝鸡市,,金台区,
2265,陕西省,,宝鸡市,,陇县,
2266,上海市,,上海市,,长宁区,
2267,四川省,,泸州市,,古蔺县,
2268,四川省,,泸州市,,合江县,
2269,四川省,,泸州市,,江阳区,
2270,四川省,,泸州市,,龙马潭区,
2271,四川省,,泸州市,,纳溪区,
2272,四川省,,凉山彝族自治州,,盐源县,
2273,四川省,,眉山市,,丹棱县,
2274,陕西省,,榆林市,,清涧县,
2275,四川省,,甘孜藏族自治州,,康定市,
2276,四川省,,甘孜藏族自治州,,泸定县,
2277,上海市,,上海市,,崇明区,
2278,上海市,,上海市,,奉贤区,
2279,四川省,,广元市,,利州区,
2280,四川省,,广元市,,青川县,
2281,陕西省,,汉中市,,城固县,
2282,陕西省,,汉中市,,佛坪县,
2283,陕西省,,汉中市,,汉台区,
2284,陕西省,,汉中市,,留坝县,
2285,陕西省,,汉中市,,勉县,
2286,陕西省,,汉中市,,西乡县,
2287,四川省,,眉山市,,东坡区,
2288,天津市,,天津市,,东丽区,
2289,四川省,,广安市,,广安区,
2290,四川省,,宜宾市,,江安县,
2291,四川省,,宜宾市,,南溪区,
2292,四川省,,宜宾市,,兴文县,
2293,四川省,,宜宾市,,宜宾县,
2294,四川省,,宜宾市,,筠连县,
2295,四川省,,资阳市,,安岳县,
2296,四川省,,广元市,,昭化区,
2297,上海市,,上海市,,浦东新区,
2298,上海市,,上海市,,青浦区,
2299,天津市,,天津市,,河北区,
2300,陕西省,,安康市,,石泉县,
2301,陕西省,,安康市,,紫阳县,
2302,陕西省,,安康市,,岚皋县,
2303,贵州省,,黔东南苗族侗族自治州,,从江县,
2304,贵州省,,黔东南苗族侗族自治州,,黄平县,
2305,贵州省,,黔南布依族苗族自治州,,独山县,
2306,贵州省,,黔南布依族苗族自治州,,荔波县,
2307,贵州省,,黔南布依族苗族自治州,,罗甸县,
2308,河南省,,鹤壁市,,山城区,
2309,贵州省,,黔南布依族苗族自治州,,三都水族自治县,
2310,河南省,,焦作市,,马村区,
2311,河南省,,许昌市,,襄城县,
2312,黑龙江省,,牡丹江市,,林口县,
2313,黑龙江省,,绥化市,,绥棱县,
2314,黑龙江省,,绥化市,,望奎县,
2315,黑龙江省,,伊春市,,红星区,
2316,黑龙江省,,伊春市,,嘉荫县,
2317,黑龙江省,,七台河市,,勃利县,
2318,河南省,,洛阳市,,嵩县,
2319,河南省,,驻马店市,,平舆县,
2320,河南省,,驻马店市,,汝南县,
2321,黑龙江省,,齐齐哈尔市,,依安县,
2322,河南省,,洛阳市,,吉利区,
2323,黑龙江省,,双鸭山市,,宝清县,
2324,黑龙江省,,双鸭山市,,岭东区,
2325,河南省,,南阳市,,南召县,
2326,黑龙江省,,大庆市,,大同区,
2327,黑龙江省,,大庆市,,红岗区,
2328,黑龙江省,,大庆市,,林甸县,
2329,黑龙江省,,伊春市,,美溪区,
2330,黑龙江省,,伊春市,,上甘岭区,
2331,黑龙江省,,伊春市,,汤旺河区,
2332,黑龙江省,,伊春市,,乌马河区,
2333,黑龙江省,,伊春市,,乌伊岭区,
2334,黑龙江省,,伊春市,,新青区,
2335,黑龙江省,,双鸭山市,,友谊县,
2336,黑龙江省,,绥化市,,安达市,
2337,黑龙江省,,绥化市,,明水县,
2338,黑龙江省,,齐齐哈尔市,,甘南县,
2339,黑龙江省,,齐齐哈尔市,,梅里斯达斡尔族区,
2340,黑龙江省,,齐齐哈尔市,,碾子山区,
2341,广西壮族自治区,,贵港市,,覃塘区,
2342,广西壮族自治区,,贺州市,,平桂区,
2343,广东省,,云浮市,,郁南县,
2344,广东省,,云浮市,,云安区,
2345,广西壮族自治区,,河池市,,大化瑶族自治县,
2346,广西壮族自治区,,河池市,,东兰县,
2347,贵州省,,六盘水市,,水城县,
2348,广西壮族自治区,,贺州市,,钟山县,
2349,广西壮族自治区,,来宾市,,武宣县,
2350,贵州省,,黔东南苗族侗族自治州,,三穗县,
2351,贵州省,,黔东南苗族侗族自治州,,施秉县,
2352,贵州省,,黔东南苗族侗族自治州,,天柱县,
2353,贵州省,,黔东南苗族侗族自治州,,镇远县,
2354,广西壮族自治区,,柳州市,,融水苗族自治县,
2355,广西壮族自治区,,柳州市,,三江侗族自治县,
2356,贵州省,,黔西南布依族苗族自治州,,安龙县,
2357,贵州省,,黔西南布依族苗族自治州,,普安县,
2358,贵州省,,黔西南布依族苗族自治州,,望谟县,
2359,贵州省,,黔西南布依族苗族自治州,,贞丰县,
2360,河南省,,鹤壁市,,鹤山区,
2361,河南省,,信阳市,,罗山县,
2362,黑龙江省,,鸡西市,,城子河区,
2363,黑龙江省,,鸡西市,,恒山区,
2364,黑龙江省,,鸡西市,,鸡东县,
2365,黑龙江省,,鸡西市,,梨树区,
2366,黑龙江省,,鸡西市,,麻山区,
2367,广西壮族自治区,,河池市,,环江毛南族自治县,
2368,广西壮族自治区,,河池市,,罗城仫佬族自治县,
2369,广西壮族自治区,,河池市,,天峨县,
2370,甘肃省,,庆阳市,,宁县,
2371,甘肃省,,庆阳市,,庆城县,
2372,甘肃省,,庆阳市,,镇原县,
2373,甘肃省,,庆阳市,,正宁县,
2374,甘肃省,,张掖市,,甘州区,
2375,甘肃省,,张掖市,,高台县,
2376,甘肃省,,张掖市,,临泽县,
2377,甘肃省,,张掖市,,山丹县,
2378,贵州省,,铜仁市,,万山区,
2379,贵州省,,铜仁市,,沿河土家族自治县,
2380,贵州省,,铜仁市,,印江土家族苗族自治县,
2381,重庆市,,重庆市,,忠县,
2382,重庆市,,重庆市,,潼南区,
2383,重庆市,,重庆市,,璧山区,
2384,重庆市,,重庆市,,綦江区,
2385,贵州省,,遵义市,,务川仡佬族苗族自治县,
2386,贵州省,,遵义市,,习水县,
2387,贵州省,,遵义市,,余庆县,
2388,贵州省,,遵义市,,道真仡佬族苗族自治县,
2389,贵州省,,遵义市,,凤冈县,
2390,广东省,,肇庆市,,封开县,
2391,广西壮族自治区,,百色市,,德保县,
2392,河北省,,沧州市,,海兴县,
2393,广东省,,清远市,,连南瑶族自治县,
2394,广东省,,清远市,,连山壮族瑶族自治县,
2395,广西壮族自治区,,百色市,,那坡县,
2396,广西壮族自治区,,崇左市,,宁明县,
2397,广西壮族自治区,,崇左市,,天等县,
2398,广西壮族自治区,,玉林市,,陆川县,
2399,广西壮族自治区,,百色市,,田林县,
2400,广西壮族自治区,,百色市,,西林县,
2401,广西壮族自治区,,钦州市,,浦北县,
2402,广西壮族自治区,,梧州市,,龙圩区,
2403,广西壮族自治区,,防城港市,,上思县,
2404,贵州省,,贵阳市,,息烽县,
2405,广西壮族自治区,,北海市,,铁山港区,
2406,贵州省,,安顺市,,紫云苗族布依族自治县,
2407,广西壮族自治区,,桂林市,,阳朔县,
2408,广西壮族自治区,,崇左市,,大新县,
2409,广西壮族自治区,,玉林市,,博白县,
2410,贵州省,,毕节市,,赫章县,
2411,贵州省,,毕节市,,纳雍县,
2412,广西壮族自治区,,玉林市,,福绵区,
2413,重庆市,,重庆市,,秀山土家族苗族自治县,
2414,重庆市,,重庆市,,永川区,
2415,重庆市,,重庆市,,酉阳土家族苗族自治县,
2416,福建省,,三明市,,将乐县,
2417,甘肃省,,平凉市,,华亭县,
2418,甘肃省,,平凉市,,庄浪县,
2419,甘肃省,,平凉市,,泾川县,
2420,甘肃省,,天水市,,清水县,
2421,甘肃省,,天水市,,张家川回族自治县,
2422,甘肃省,,武威市,,古浪县,
2423,甘肃省,,庆阳市,,华池县,
2424,重庆市,,重庆市,,渝北区,
2425,重庆市,,重庆市,,渝中区,
2426,重庆市,,重庆市,,云阳县,
2427,广西壮族自治区,,南宁市,,马山县,
2428,广西壮族自治区,,南宁市,,上林县,
2429,贵州省,,铜仁市,,德江县,
2430,贵州省,,铜仁市,,石阡县,
2431,内蒙古自治区,,阿拉善盟,,阿拉善右旗,
2432,内蒙古自治区,,阿拉善盟,,额济纳旗,
2433,宁夏回族自治区,,吴忠市,,同心县,
2434,内蒙古自治区,,包头市,,固阳县,
2435,内蒙古自治区,,包头市,,石拐区,
2436,宁夏回族自治区,,中卫市,,海原县,
2437,青海省,,海北藏族自治州,,刚察县,
2438,青海省,,海北藏族自治州,,海晏县,
2439,青海省,,海南藏族自治州,,贵南县,
2440,青海省,,海西蒙古族藏族自治州,,乌兰县,
2441,辽宁省,,丹东市,,凤城市,
2442,辽宁省,,丹东市,,宽甸满族自治县,
2443,内蒙古自治区,,鄂尔多斯市,,鄂托克前旗,
2444,内蒙古自治区,,鄂尔多斯市,,乌审旗,
2445,青海省,,黄南藏族自治州,,同仁县,
2446,辽宁省,,抚顺市,,清原满族自治县,
2447,青海省,,玉树藏族自治州,,治多县,
2448,内蒙古自治区,,乌兰察布市,,兴和县,
2449,内蒙古自治区,,乌兰察布市,,卓资县,
2450,内蒙古自治区,,锡林郭勒盟,,多伦县,
2451,辽宁省,,阜新市,,清河门区,
2452,辽宁省,,阜新市,,太平区,
2453,辽宁省,,阜新市,,彰武县,
2454,辽宁省,,辽阳市,,弓长岭区,
2455,内蒙古自治区,,呼伦贝尔市,,额尔古纳市,
2456,内蒙古自治区,,呼伦贝尔市,,根河市,
2457,内蒙古自治区,,乌海市,,海南区,
2458,内蒙古自治区,,乌海市,,乌达区,
2459,内蒙古自治区,,呼伦贝尔市,,牙克石市,
2460,辽宁省,,葫芦岛市,,南票区,
2461,辽宁省,,葫芦岛市,,绥中县,
2462,内蒙古自治区,,乌兰察布市,,察哈尔右翼中旗,
2463,内蒙古自治区,,通辽市,,开鲁县,
2464,内蒙古自治区,,通辽市,,科尔沁左翼后旗,
2465,内蒙古自治区,,锡林郭勒盟,,镶黄旗,
2466,内蒙古自治区,,兴安盟,,阿尔山市,
2467,辽宁省,,鞍山市,,台安县,
2468,辽宁省,,铁岭市,,清河区,
2469,内蒙古自治区,,巴彦淖尔市,,乌拉特后旗,
2470,宁夏回族自治区,,固原市,,泾源县,
2471,宁夏回族自治区,,石嘴山市,,平罗县,
2472,青海省,,海东市,,化隆回族自治县,
2473,青海省,,海东市,,乐都区,
2474,青海省,,海东市,,民和回族土族自治县,
2475,青海省,,海东市,,平安区,
2476,青海省,,海东市,,循化撒拉族自治县,
2477,辽宁省,,营口市,,老边区,
2478,辽宁省,,本溪市,,南芬区,
2479,辽宁省,,本溪市,,平山区,
2480,湖南省,,张家界市,,武陵源区,
2481,湖南省,,郴州市,,嘉禾县,
2482,湖南省,,衡阳市,,南岳区,
2483,吉林省,,白山市,,江源区,
2484,湖南省,,怀化市,,通道侗族自治县,
2485,湖南省,,怀化市,,中方县,
2486,湖南省,,怀化市,,芷江侗族自治县,
2487,湖南省,,永州市,,东安县,
2488,吉林省,,松原市,,扶余市,
2489,湖南省,,湘西土家族苗族自治州,,古丈县,
2490,湖南省,,湘西土家族苗族自治州,,花垣县,
2491,湖南省,,永州市,,江永县,
2492,湖南省,,永州市,,蓝山县,
2493,湖南省,,永州市,,双牌县,
2494,湖南省,,湘西土家族苗族自治州,,龙山县,
2495,湖南省,,湘西土家族苗族自治州,,永顺县,
2496,湖南省,,湘西土家族苗族自治州,,泸溪县,
2497,吉林省,,四平市,,梨树县,
2498,吉林省,,延边朝鲜族自治州,,安图县,
2499,湖南省,,邵阳市,,新邵县,
2500,河南省,,三门峡市,,义马市,
2501,黑龙江省,,哈尔滨市,,通河县,
2502,湖南省,,郴州市,,安仁县,
2503,河北省,,张家口市,,尚义县,
2504,河北省,,张家口市,,下花园区,
2505,湖南省,,株洲市,,炎陵县,
2506,黑龙江省,,鹤岗市,,工农区,
2507,黑龙江省,,鹤岗市,,绥滨县,
2508,黑龙江省,,鹤岗市,,兴安区,
2509,云南省,,红河哈尼族彝族自治州,,泸西县,
2510,四川省,,宜宾市,,屏山县,
2511,四川省,,宜宾市,,珙县,
2512,新疆维吾尔自治区,,克拉玛依市,,独山子区,
2513,新疆维吾尔自治区,,克孜勒苏柯尔克孜自治州,,阿图什市,
2514,云南省,,临沧市,,镇康县,
2515,云南省,,怒江傈僳族自治州,,福贡县,
2516,新疆维吾尔自治区,,克孜勒苏柯尔克孜自治州,,乌恰县,
2517,云南省,,临沧市,,永德县,
2518,四川省,,资阳市,,乐至县,
2519,新疆维吾尔自治区,,塔城地区,,额敏县,
2520,新疆维吾尔自治区,,塔城地区,,沙湾县,
2521,新疆维吾尔自治区,,塔城地区,,塔城市,
2522,云南省,,怒江傈僳族自治州,,泸水市,
2523,云南省,,普洱市,,江城哈尼族彝族自治县,
2524,云南省,,普洱市,,景东彝族自治县,
2525,云南省,,普洱市,,孟连傣族拉祜族佤族自治县,
2526,四川省,,自贡市,,贡井区,
2527,新疆维吾尔自治区,,吐鲁番市,,鄯善县,
2528,云南省,,普洱市,,西盟佤族自治县,
2529,云南省,,普洱市,,镇沅彝族哈尼族拉祜族自治县,
2530,云南省,,曲靖市,,陆良县,
2531,云南省,,曲靖市,,马龙县,
2532,新疆维吾尔自治区,,乌鲁木齐市,,乌鲁木齐县,
2533,云南省,,文山壮族苗族自治州,,富宁县,
2534,云南省,,文山壮族苗族自治州,,麻栗坡县,
2535,云南省,,文山壮族苗族自治州,,马关县,
2536,云南省,,文山壮族苗族自治州,,丘北县,
2537,云南省,,保山市,,施甸县,
2538,云南省,,玉溪市,,元江哈尼族彝族傣族自治县,
2539,云南省,,昭通市,,大关县,
2540,云南省,,昭通市,,鲁甸县,
2541,云南省,,昭通市,,巧家县,
2542,云南省,,昭通市,,水富县,
2543,云南省,,昭通市,,绥江县,
2544,内蒙古自治区,,兴安盟,,突泉县,
2545,陕西省,,延安市,,子长县,
2546,陕西省,,榆林市,,子洲县,
2547,陕西省,,商洛市,,柞水县,
2548,云南省,,昭通市,,彝良县,
2549,云南省,,昭通市,,永善县,
2550,云南省,,昭通市,,镇雄县,
2551,云南省,,大理白族自治州,,弥渡县,
2552,四川省,,攀枝花市,,米易县,
2553,西藏自治区,,林芝市,,墨脱县,
2554,新疆维吾尔自治区,,伊犁哈萨克自治州,,霍尔果斯市,
2555,新疆维吾尔自治区,,伊犁哈萨克自治州,,特克斯县,
2556,西藏自治区,,昌都市,,八宿县,
2557,西藏自治区,,昌都市,,边坝县,
2558,西藏自治区,,昌都市,,洛隆县,
2559,陕西省,,安康市,,旬阳县,
2560,云南省,,文山壮族苗族自治州,,西畴县,
2561,云南省,,文山壮族苗族自治州,,砚山县,
2562,云南省,,楚雄彝族自治州,,双柏县,
2563,云南省,,楚雄彝族自治州,,武定县,
2564,西藏自治区,,日喀则市,,亚东县,
2565,四川省,,攀枝花市,,盐边县,
2566,四川省,,绵阳市,,盐亭县,
2567,西藏自治区,,那曲市,,比如县,
2568,陕西省,,咸阳市,,彬州市,
2569,山西省,,临汾市,,大宁县,
2570,山西省,,忻州市,,静乐县,
2571,四川省,,甘孜藏族自治州,,九龙县,
2572,四川省,,阿坝藏族羌族自治州,,九寨沟县,
2573,新疆维吾尔自治区,,伊犁哈萨克自治州,,昭苏县,
2574,浙江省,,舟山市,,嵊泗县,
2575,新疆维吾尔自治区,,阿勒泰地区,,哈巴河县,
2576,云南省,,大理白族自治州,,永平县,
2577,云南省,,德宏傣族景颇族自治州,,梁河县,
2578,新疆维吾尔自治区,,阿勒泰地区,,富蕴县,
2579,新疆维吾尔自治区,,巴音郭楞蒙古自治州,,博湖县,
2580,四川省,,攀枝花市,,西区,
2581,新疆维吾尔自治区,,博尔塔拉蒙古自治州,,温泉县,
2582,四川省,,雅安市,,石棉县,
2583,新疆维吾尔自治区,,和田地区,,洛浦县,
2584,新疆维吾尔自治区,,和田地区,,于田县,
2585,云南省,,红河哈尼族彝族自治州,,红河县,
2586,云南省,,红河哈尼族彝族自治州,,金平苗族瑶族傣族自治县,
2587,云南省,,红河哈尼族彝族自治州,,绿春县,
2588,新疆维吾尔自治区,,喀什地区,,麦盖提县,
2589,新疆维吾尔自治区,,喀什地区,,莎车县,
2590,新疆维吾尔自治区,,喀什地区,,疏勒县,
2591,新疆维吾尔自治区,,喀什地区,,叶城县,
2592,云南省,,丽江市,,华坪县,
2593,新疆维吾尔自治区,,阿克苏地区,,拜城县,
2594,新疆维吾尔自治区,,阿克苏地区,,温宿县,
2595,新疆维吾尔自治区,,阿克苏地区,,乌什县,
2596,云南省,,昆明市,,禄劝彝族苗族自治县,
2597,云南省,,丽江市,,宁蒗彝族自治县,
2598,新疆维吾尔自治区,,阿克苏地区,,新和县,
2599,新疆维吾尔自治区,,阿勒泰地区,,布尔津县,
2600,云南省,,德宏傣族景颇族自治州,,盈江县,
2601,四川省,,遂宁市,,大英县,
2602,新疆维吾尔自治区,,博尔塔拉蒙古自治州,,阿拉山口市,
2603,新疆维吾尔自治区,,哈密市,,伊吾县,
2604,新疆维吾尔自治区,,和田地区,,策勒县,
2605,陕西省,,安康市,,镇坪县,
2606,陕西省,,延安市,,志丹县,
2607,陕西省,,榆林市,,定边县,
2608,山西省,,临汾市,,安泽县,
2609,山西省,,临汾市,,汾西县,
2610,山西省,,临汾市,,浮山县,
2611,陕西省,,榆林市,,佳县,
2612,四川省,,阿坝藏族羌族自治州,,茂县,
2613,四川省,,阿坝藏族羌族自治州,,壤塘县,
2614,四川省,,阿坝藏族羌族自治州,,若尔盖县,
2615,四川省,,阿坝藏族羌族自治州,,松潘县,
2616,陕西省,,汉中市,,略阳县,
2617,陕西省,,汉中市,,南郑区,
2618,陕西省,,汉中市,,宁强县,
2619,四川省,,达州市,,开江县,
2620,山西省,,临汾市,,蒲县,
2621,山西省,,临汾市,,曲沃县,
2622,山西省,,临汾市,,襄汾县,
2623,山西省,,临汾市,,翼城县,
2624,山西省,,临汾市,,永和县,
2625,山西省,,吕梁市,,方山县,
2626,陕西省,,汉中市,,镇巴县,
2627,陕西省,,铜川市,,印台区,
2628,山西省,,吕梁市,,岚县,
2629,山西省,,吕梁市,,交口县,
2630,山西省,,朔州市,,平鲁区,
2631,四川省,,甘孜藏族自治州,,丹巴县,
2632,四川省,,甘孜藏族自治州,,德格县,
2633,四川省,,甘孜藏族自治州,,甘孜县,
2634,四川省,,甘孜藏族自治州,,色达县,
2635,四川省,,甘孜藏族自治州,,乡城县,
2636,山西省,,忻州市,,河曲县,
2637,山西省,,忻州市,,宁武县,
2638,山西省,,忻州市,,偏关县,
2639,山西省,,忻州市,,五寨县,
2640,陕西省,,延安市,,安塞区,
2641,四川省,,凉山彝族自治州,,喜德县,
2642,四川省,,凉山彝族自治州,,越西县,
2643,四川省,,凉山彝族自治州,,昭觉县,
2644,山西省,,朔州市,,应县,
2645,山西省,,太原市,,娄烦县,
2646,四川省,,乐山市,,峨边彝族自治县,
2647,四川省,,乐山市,,金口河区,
2648,四川省,,乐山市,,沙湾区,
2649,陕西省,,渭南市,,华阴市,
2650,陕西省,,渭南市,,蒲城县,
2651,陕西省,,渭南市,,潼关县,
2652,四川省,,乐山市,,沐川县,
2653,西藏自治区,,拉萨市,,林周县,
2654,山西省,,阳泉市,,矿区,
2655,山西省,,阳泉市,,盂县,
2656,西藏自治区,,日喀则市,,白朗县,
2657,云南省,,楚雄彝族自治州,,永仁县,
2658,陕西省,,咸阳市,,淳化县,
2659,四川省,,凉山彝族自治州,,会东县,
2660,四川省,,凉山彝族自治州,,会理县,
2661,四川省,,凉山彝族自治州,,雷波县,
2662,四川省,,凉山彝族自治州,,美姑县,
2663,四川省,,凉山彝族自治州,,普格县,
2664,西藏自治区,,日喀则市,,萨迦县,
2665,西藏自治区,,山南市,,贡嘎县,
2666,西藏自治区,,山南市,,乃东区,
2667,西藏自治区,,山南市,,扎囊县,
2668,云南省,,大理白族自治州,,剑川县,
2669,四川省,,广元市,,旺苍县,
2670,辽宁省,,铁岭市,,调兵山市,
2671,内蒙古自治区,,兴安盟,,科尔沁右翼中旗,
2672,山西省,,长治市,,长子县,
2673,四川省,,南充市,,营山县,
2674,山西省,,大同市,,浑源县,
2675,陕西省,,榆林市,,吴堡县,
2676,山西省,,大同市,,阳高县,
2677,山西省,,晋中市,,寿阳县,
2678,山西省,,晋中市,,昔阳县,
2679,四川省,,阿坝藏族羌族自治州,,阿坝县,
2680,陕西省,,宝鸡市,,太白县,
2681,陕西省,,延安市,,甘泉县,
2682,陕西省,,延安市,,黄陵县,
2683,陕西省,,延安市,,黄龙县,
2684,陕西省,,延安市,,吴起县,
2685,四川省,,阿坝藏族羌族自治州,,金川县,
2686,山西省,,长治市,,沁源县,
2687,山西省,,晋城市,,高平市,
2688,新疆维吾尔自治区,,巴音郭楞蒙古自治州,,轮台县,
2689,新疆维吾尔自治区,,阿克苏地区,,阿瓦提县,
2690,四川省,,凉山彝族自治州,,布拖县,
